Song_name,Singer,Language,,,,,,,,,,,,,,,,
Naguva Nayana,S. Janaki|S. P. Balasubrahmanyam,Kannada,,,,,,,,,,,,,,,,
Ellelli Nodali,S. Janaki|Dr. Rajkumar,Kannada,,,,,,,,,,,,,,,,
Chinnada Mallige Hoove,S. Janaki|Dr. Rajkumar,Kannada,,,,,,,,,,,,,,,,
Premalokadinda,K J Yesudas|S. Janaki,Kannada,,,,,,,,,,,,,,,,
Preethiyalli Iro Sukha,S. P. Balasubrahmanyam|Manjula Gururaj,Kannada,,,,,,,,,,,,,,,,
Idu Nanna Ninna Prema Geethe,S. P. Balasubrahmanyam|S. Janaki,Kannada,,,,,,,,,,,,,,,,
Cheluve Ondu Kelthini,S. P. Balasubrahmanyam|S. Janaki,Kannada,,,,,,,,,,,,,,,,
Baani Gondu Elle,Dr. Rajkumar,Kannada,,,,,,,,,,,,,,,,
Nagu Endhidhe,S. Janaki,Kannada,,,,,,,,,,,,,,,,
Harivarasanam Sharanam Ayyappa,K J Yesudas,Kannada,,,,,,,,,,,,,,,,
Nee Bandu Ninthaaga,P.B. Sreenivas|P. Susheela,Kannada,,,,,,,,,,,,,,,,
Aadisinodu Beelisinodu,P.B. Sreenivas,Kannada,,,,,,,,,,,,,,,,
Hrudayadali Idenidhu,Dr. Rajkumar|Manjula Gururaj,Kannada,,,,,,,,,,,,,,,,
Ee Nimbe Hanninantha,Ramesh,Kannada,,,,,,,,,,,,,,,,
Mooru Kaasina Kudure,Ramesh,Kannada,,,,,,,,,,,,,,,,
Neerabittu Nelada Mele,S. P. Balasubrahmanyam,Kannada,,,,,,,,,,,,,,,,=
NAAVAADUVA NUDIYE.,P.B. Sreenivas,Kannada,,,,,,,,,,,,,,,,
Naa Ninna Mareyalare,Dr. Rajkumar|Vani Jairam,Kannada,,,,,,,,,,,,,,,,
Nooru Kannu Saladu,P.B. Sreenivas|S. P. Balasubrahmanyam,Kannada,,,,,,,,,,,,,,,,
Thanuvu Manavu,S. Janaki|Dr. Rajkumar,Kannada,,,,,,,,,,,,,,,,
Jo Jo Laali Naa Haaduve,K J Yesudas,Kannada,,,,,,,,,,,,,,,,
Ondaanondu Kaaladalli,Ramesh|P. Susheela,Kannada,,,,,,,,,,,,,,,,
Geleyare Nanna Geleyare,S. P. Balasubrahmanyam,Kannada,,,,,,,,,,,,,,,,
Nagunagutha Nee Baruve,S. Janaki|Dr. Rajkumar,Kannada,,,,,,,,,,,,,,,,
Yare Koogadali Oore Horaadali,Dr. Rajkumar,Kannada,,,,,,,,,,,,,,,,
Yaavudo Ee Bombe,S. P. Balasubrahmanyam,Kannada,,,,,,,,,,,,,,,,
Ninna Nanna,Dr. Rajkumar,Kannada,,,,,,,,,,,,,,,,
Yaare Neenu Sundara Cheluve,S. P. Balasubrahmanyam|S. Janaki,Kannada,,,,,,,,,,,,,,,,
Naa Ninna Mareyalaare,S. Janaki|Dr. Rajkumar,Kannada,,,,,,,,,,,,,,,,
Thamnnam Thamnam,S. Janaki|P.B. Sreenivas,Kannada,,,,,,,,,,,,,,,,
Nodamma Hudugi,S. P. Balasubrahmanyam|Latha Hamsalekha,Kannada,,,,,,,,,,,,,,,,
Thai Thai Bangari,Dr. Rajkumar,Kannada,,,,,,,,,,,,,,,,
Aadisidaatha Besara Moodi,G.K.Venkatesh,Kannada,,,,,,,,,,,,,,,,
Nanna Aase Hannage,S. Janaki|S. P. Balasubrahmanyam,Kannada,,,,,,,,,,,,,,,,
Ninade Nenapu Dinavu,P.B. Sreenivas,Kannada,,,,,,,,,,,,,,,,
Keli Premigale,S. P. Balasubrahmanyam|Latha Hamsalekha,Kannada,,,,,,,,,,,,,,,,
Geethanjali Pushpanjali,S. P. Balasubrahmanyam|K. S. Chithra,Kannada,,,,,,,,,,,,,,,,
Endendu Ninnanu Maretu,Vani Jairam|P.B. Sreenivas,Kannada,,,,,,,,,,,,,,,,
Besuge Besuge,Vani Jairam|S. P. Balasubrahmanyam,Kannada,,,,,,,,,,,,,,,,
Cheluveya Andada,S. P. Balasubrahmanyam,Kannada,,,,,,,,,,,,,,,,
Naguva Nayana,S. P. Balasubrahmanyam|S. Janaki,Kannada,,,,,,,,,,,,,,,,
Jeevaneene Needu Midithadha,S. Janaki|S. P. Balasubrahmanyam,Kannada,,,,,,,,,,,,,,,,
Meenakshi Ninna Kanna Mele,S. P. Balasubrahmanyam,Kannada,,,,,,,,,,,,,,,,
Muthinantha Mathondu,Dr. Rajkumar,Kannada,,,,,,,,,,,,,,,,
Sangeethave Nee Nudiyuna Maathella,S. Janaki|Dr. Rajkumar,Kannada,,,,,,,,,,,,,,,,
Hosa Baalige,S. Janaki|S. P. Balasubrahmanyam,Kannada,,,,,,,,,,,,,,,,
Sole Illa Ninna Haadu,S. P. Balasubrahmanyam|S. Janaki,Kannada,,,,,,,,,,,,,,,,
Yaaru Thiliyaru Ninna,Dr. Rajkumar|P.B. Sreenivas,Kannada,,,,,,,,,,,,,,,,
Nee Iralu Jotheyalli,S. Janaki|S. P. Balasubrahmanyam,Kannada,,,,,,,,,,,,,,,,
Nannaseyaa Hoove,S. Janaki|Dr. Rajkumar,Kannada,,,,,,,,,,,,,,,,
Aakaashadindha,S. P. Balasubrahmanyam,Kannada,,,,,,,,,,,,,,,,
Naliva Gulabi Hoove,S. P. Balasubrahmanyam,Kannada,,,,,,,,,,,,,,,,
Love Me Or Hate Me,Dr. Rajkumar,Kannada,,,,,,,,,,,,,,,,
Beladingalaagi Baa,Dr. Rajkumar,Kannada,,,,,,,,,,,,,,,,
Baa Baaro Baaro Ranadheera,S. P. Balasubrahmanyam|S. Janaki,Kannada,,,,,,,,,,,,,,,,
Aadona Neenu Naanu,P.B. Sreenivas,Kannada,,,,,,,,,,,,,,,,
Ninna Kangala,Dr. Rajkumar,Kannada,,,,,,,,,,,,,,,,
My Name Is Raj,Dr. Rajkumar,Kannada,,,,,,,,,,,,,,,,
Preethi Maadabaaradu,S. P. Balasubrahmanyam|S. Janaki,Kannada,,,,,,,,,,,,,,,,
Yaava Huvvu Yaara Mudigo,S. P. Balasubrahmanyam,Kannada,,,,,,,,,,,,,,,,
Kumkumaviruvude Hanegaagi,S. P. Balasubrahmanyam,Kannada,,,,,,,,,,,,,,,,
Ee Naada Anda,S. P. Balasubrahmanyam,Kannada,,,,,,,,,,,,,,,,
Entha Soundarya Nodu,S. P. Balasubrahmanyam,Kannada,,,,,,,,,,,,,,,,
Aakaasha Deepavu Neenu (Happy),S. Janaki|S. P. Balasubrahmanyam,Kannada,,,,,,,,,,,,,,,,
Yaarivanu Ee Manmathanu,S. Janaki,Kannada,,,,,,,,,,,,,,,,
Hoovu Cheluvella Nandenditu,P. Susheela,Kannada,,,,,,,,,,,,,,,,
Notadage Nageya Meeti,S. P. Balasubrahmanyam,Kannada,,,,,,,,,,,,,,,,
Hrudaya Rangoli,S. P. Sailaja,Kannada,,,,,,,,,,,,,,,,
Bandalo Bandalo Kanchana,S. P. Balasubrahmanyam|Manjula Gururaj,Kannada,,,,,,,,,,,,,,,,
Neerinalli Alaya Ungura,P.B. Sreenivas|P. Susheela,Kannada,,,,,,,,,,,,,,,,
Jeeva Veene,S. Janaki|S. P. Balasubrahmanyam,Kannada,,,,,,,,,,,,,,,,
Naanu Neenu Ondada,S. Janaki|S. P. Balasubrahmanyam,Kannada,,,,,,,,,,,,,,,,
Prema Preeti Nannusiru,S. P. Balasubrahmanyam|K J Yesudas,Kannada,,,,,,,,,,,,,,,,
Yendendigu Naa Ninna Bidalare,P. Susheela,Kannada,,,,,,,,,,,,,,,,
Boy Friend Barthaanantha,S. Janaki,Kannada,,,,,,,,,,,,,,,,
Eke Heegaytho,S. P. Balasubrahmanyam|B.R.Chaya,Kannada,,,,,,,,,,,,,,,,
Kudiyode Nanna Weaknessu,S. P. Balasubrahmanyam,Kannada,,,,,,,,,,,,,,,,
Kaalavannu Thadeyoru Yaaru,S. Janaki|K J Yesudas,Kannada,,,,,,,,,,,,,,,,
Haavina Dwesha Hanneradu Varusha,S. P. Balasubrahmanyam,Kannada,,,,,,,,,,,,,,,,
Jagave Ondu Ranaranga,Dr. Rajkumar,Kannada,,,,,,,,,,,,,,,,
Mosagaarana,S. P. Balasubrahmanyam,Kannada,,,,,,,,,,,,,,,,
Ooduva Nadhi Sagarava,P.B. Sreenivas|P. Susheela,Kannada,,,,,,,,,,,,,,,,
En Hudgiro Idyakingaadthiro,S. P. Balasubrahmanyam|Master Manjunath|S. Janaki,Kannada,,,,,,,,,,,,,,,,
Poojisilandhe,S. Janaki,Kannada,,,,,,,,,,,,,,,,
Kannada Naadina Veeraramaniya,P.B. Sreenivas,Kannada,,,,,,,,,,,,,,,,
Ravivarmana Kunchada Kale Bale,P.B. Sreenivas,Kannada,,,,,,,,,,,,,,,,
Cheluveya Nota Chenna,Dr. Rajkumar,Kannada,,,,,,,,,,,,,,,,
Naavindu Haado Haadige,S. P. Balasubrahmanyam|S. Janaki,Kannada,,,,,,,,,,,,,,,,
Naane Rajakumara,P.B. Sreenivas,Kannada,,,,,,,,,,,,,,,,
Koodi Balona,S. Janaki|Dr. Rajkumar|S. P. Balasubrahmanyam|Chorus,Kannada,,,,,,,,,,,,,,,,
Hosa Baalu,S. Janaki,Kannada,,,,,,,,,,,,,,,,
Chinna Baalalli,Dr. Rajkumar,Kannada,,,,,,,,,,,,,,,,
Aakaradalli Gulabi Rangide,Latha Hamsalekha,Kannada,,,,,,,,,,,,,,,,
Preethine Aa Dyavaru Thanda,P.B. Sreenivas|P. Susheela,Kannada,,,,,,,,,,,,,,,,
Santhasa Araluva Samaya,S. P. Balasubrahmanyam|Rathna Mala Prakash,Kannada,,,,,,,,,,,,,,,,
Naane Rajakumara,P.B. Sreenivas,Kannada,,,,,,,,,,,,,,,,
Yaaru Neenu Endhu Nanna,Dr. Rajkumar,Kannada,,,,,,,,,,,,,,,,
Mounave Abharana,P.B. Sreenivas,Kannada,,,,,,,,,,,,,,,,
Baani Gondu Elle,Dr. Rajkumar,Kannada,,,,,,,,,,,,,,,,
Madikeri Sipaayi,S. P. Balasubrahmanyam|K. S. Chithra,Kannada,,,,,,,,,,,,,,,,
Maamaravello,S. P. Balasubrahmanyam,Kannada,,,,,,,,,,,,,,,,
Nammooru Mysooru,S. Janaki|S. P. Balasubrahmanyam,Kannada,,,,,,,,,,,,,,,,
Kaada Noda Hode,S. P. Balasubrahmanyam|K. S. Chithra,Kannada,,,,,,,,,,,,,,,,
Maathonda Heluve,S. Janaki|S. P. Balasubrahmanyam,Kannada,,,,,,,,,,,,,,,,
He Gangu Ee Biku Kalisikodu,S. P. Balasubrahmanyam|S. Janaki,Kannada,,,,,,,,,,,,,,,,
Dumdum Dol,S. P. Balasubrahmanyam,Kannada,,,,,,,,,,,,,,,,
Ninnantha Appa Illa,Dr. Rajkumar|B.R.Chaya,Kannada,,,,,,,,,,,,,,,,
Doni Saagali,Ramachandran|S. Janaki,Kannada,,,,,,,,,,,,,,,,
Olavina Priyalathe,P.B. Sreenivas,Kannada,,,,,,,,,,,,,,,,
Bathroominalli,Vani Jairam,Kannada,,,,,,,,,,,,,,,,
O Premi O Premi,S. P. Balasubrahmanyam,Kannada,,,,,,,,,,,,,,,,
Doorada Oorininda,S. P. Balasubrahmanyam|Manjula Gururaj,Kannada,,,,,,,,,,,,,,,,
Naachi Odidhanu Madana,S. Janaki|S. P. Balasubrahmanyam,Kannada,,,,,,,,,,,,,,,,
Premavide,S. Janaki,Kannada,,,,,,,,,,,,,,,,
Flute Music,Not Applicable,Kannada,,,,,,,,,,,,,,,,
Muthinantha Mathondu,Dr. Rajkumar,Kannada,,,,,,,,,,,,,,,,
Ninna Nanna,Dr. Rajkumar,Kannada,,,,,,,,,,,,,,,,
Belli Modave Yelli Oduve,Vani Jairam|S. P. Balasubrahmanyam,Kannada,,,,,,,,,,,,,,,,
Aadisinodu Beelisinodu,P.B. Sreenivas,Kannada,,,,,,,,,,,,,,,,
Devaru Hoseda Premada Daara,Dr. Balamurali Krishna,Kannada,,,,,,,,,,,,,,,,
Naanu Yaaru Yaava Vooru,S. P. Balasubrahmanyam,Kannada,,,,,,,,,,,,,,,,
Maneyanu Belagidhe,S. Janaki|S. P. Balasubrahmanyam,Kannada,,,,,,,,,,,,,,,,
Elle Iru Hege Iru,P. Susheela,Kannada,,,,,,,,,,,,,,,,
Hasiru Gaajina Balegale,Latha Hamsalekha,Kannada,,,,,,,,,,,,,,,,
Preethiyinda,S. P. Balasubrahmanyam|B.R.Chaya|Manjula Gururaj,Kannada,,,,,,,,,,,,,,,,
Enendu Naa Helali,Dr. Rajkumar,Kannada,,,,,,,,,,,,,,,,
Neeli Baanalli,B.R.Chaya,Kannada,,,,,,,,,,,,,,,,
Kum Kuma Iruvudhe,S. P. Balasubrahmanyam,Kannada,,,,,,,,,,,,,,,,
Baa Baaro - Bit,Chorus,Kannada,,,,,,,,,,,,,,,,
Alli Illi Noduve,S. Janaki|Dr. Rajkumar,Kannada,,,,,,,,,,,,,,,,
Notadage Nageya Meeti,S. P. Balasubrahmanyam,Kannada,,,,,,,,,,,,,,,,
Baaramma - Bit,Chorus,Kannada,,,,,,,,,,,,,,,,
Nooraroorugalalli,S. P. Balasubrahmanyam|Vani Jairam,Kannada,,,,,,,,,,,,,,,,
Hey Nanagaagiye,S. P. Balasubrahmanyam,Kannada,,,,,,,,,,,,,,,,
Indu Enage,S. Janaki,Kannada,,,,,,,,,,,,,,,,
Sihimuthu,S. Janaki|P.B. Sreenivas,Kannada,,,,,,,,,,,,,,,,
Barasidilu Badithanatha Kadu,Dr. Rajkumar,Kannada,,,,,,,,,,,,,,,,
Cheluveya Nota Chenna,Dr. Rajkumar,Kannada,,,,,,,,,,,,,,,,
Thallo Model Gaadi Idu,S. P. Balasubrahmanyam,Kannada,,,,,,,,,,,,,,,,
Yeri Mele Yeri,S. P. Balasubrahmanyam|L.R. Eswari,Kannada,,,,,,,,,,,,,,,,
Naanu Neenu Ondadamelaey,Manjula Gururaj|S. P. Balasubrahmanyam,Kannada,,,,,,,,,,,,,,,,
Ee Sogasaada Sanje,Dr. Rajkumar|Vani Jairam,Kannada,,,,,,,,,,,,,,,,
Endu Ninna Noduve,P.B. Sreenivas,Kannada,,,,,,,,,,,,,,,,
Muttina Hanigalu,S. P. Balasubrahmanyam|S. Janaki,Kannada,,,,,,,,,,,,,,,,
E Sambhashane,S. Janaki|S. P. Balasubrahmanyam,Kannada,,,,,,,,,,,,,,,,
Besuge Besuge,Vani Jairam|S. P. Balasubrahmanyam,Kannada,,,,,,,,,,,,,,,,
O Nallane Savi Mathonda,S. P. Balasubrahmanyam|P. Susheela,Kannada,,,,,,,,,,,,,,,,
Nee Mudida Malliga,P. Susheela|P.B. Sreenivas,Kannada,,,,,,,,,,,,,,,,
Hoovinda Hoovige,S. Janaki,Kannada,,,,,,,,,,,,,,,,
Baanallu Neene,Jagadesh|Venu,Kannada,,,,,,,,,,,,,,,,
Mohini Nava Moihini,S. P. Balasubrahmanyam|P. Susheela,Kannada,,,,,,,,,,,,,,,,
Gandu Endare Gandu,S. P. Balasubrahmanyam,Kannada,,,,,,,,,,,,,,,,
Moogana Kaadidarenu,Dr. Rajkumar,Kannada,,,,,,,,,,,,,,,,
Maanava Naaguveya,Dr. Rajkumar,Kannada,,,,,,,,,,,,,,,,
Kempu Thotadalli,S. P. Balasubrahmanyam|B.R.Chaya|Vani Jairam,Kannada,,,,,,,,,,,,,,,,
Tungaa Teera Vihari,Kasturi Shankar,Kannada,,,,,,,,,,,,,,,,
Yenyeno Aasae,Vani Jairam|Dr. Rajkumar,Kannada,,,,,,,,,,,,,,,,
Bedaginarasi Baare,S. P. Balasubrahmanyam|S. Janaki,Kannada,,,,,,,,,,,,,,,,
Naa Ninna Mareyalaare,Dr. Rajkumar|S. Janaki,Kannada,,,,,,,,,,,,,,,,
Raja Muddu Raja,S. Janaki|P.B. Sreenivas,Kannada,,,,,,,,,,,,,,,,
Na Bidalare Endhoo Ninna,Dr. Rajkumar|Vani Jairam,Kannada,,,,,,,,,,,,,,,,
Muttina Hanigalu,S. Janaki|S. P. Balasubrahmanyam,Kannada,,,,,,,,,,,,,,,,
Yenendhu Naa Helali,Dr. Rajkumar|Chorus,Kannada,,,,,,,,,,,,,,,,
Kuladalli Keelyavudho,Ghanatasala,Kannada,,,,,,,,,,,,,,,,
Ninna Neenu Maretharenu,S. P. Balasubrahmanyam,Kannada,,,,,,,,,,,,,,,,
Yaaru Thiliyaru Ninna,Dr. Rajkumar|P.B. Sreenivas,Kannada,,,,,,,,,,,,,,,,
O Geleya,L.R. Eswari,Kannada,,,,,,,,,,,,,,,,
O Meghave Nidaanavaagi,Shivaraj Kumar|Joo Joo Anuradha,Kannada,,,,,,,,,,,,,,,,
Yaava Huvvu Yaara Mudigo,S. P. Balasubrahmanyam,Kannada,,,,,,,,,,,,,,,,
Aase Heluvaase,S. Janaki|Dr. Rajkumar|P. Susheela,Kannada,,,,,,,,,,,,,,,,
Snehada Kadalalli,S. P. Balasubrahmanyam,Kannada,,,,,,,,,,,,,,,,
Nee Modalu Modalu,S. P. Balasubrahmanyam|Bangalore Latha,Kannada,,,,,,,,,,,,,,,,
Iva Yaava Seeme Gandu,S. P. Balasubrahmanyam|Vani Jairam,Kannada,,,,,,,,,,,,,,,,
If You Come Today,Dr. Rajkumar,Kannada,,,,,,,,,,,,,,,,
Kalletigintha Ninna,S. Janaki|Dr. Rajkumar,Kannada,,,,,,,,,,,,,,,,
Mutthe Prathama,S. P. Balasubrahmanyam|Vani Jairam,Kannada,,,,,,,,,,,,,,,,
Kangalu Vandane,S. Janaki|S. P. Balasubrahmanyam,Kannada,,,,,,,,,,,,,,,,
Utthara Dhruvadim,P.B. Sreenivas|P. Susheela,Kannada,,,,,,,,,,,,,,,,
O Gelathi,S. P. Balasubrahmanyam|Vani Jairam,Kannada,,,,,,,,,,,,,,,,
Kodagina Kaaveri,P.B. Sreenivas|P. Susheela,Kannada,,,,,,,,,,,,,,,,
Raja Nanna Raja,Shankar Nag|Manjula Gururaj,Kannada,,,,,,,,,,,,,,,,
Tharikeri Yerimele,S. P. Balasubrahmanyam,Kannada,,,,,,,,,,,,,,,,
Belli Modada,P.B. Sreenivas|P. Susheela,Kannada,,,,,,,,,,,,,,,,
Malenaada Henna,S. Janaki|P.B. Sreenivas,Kannada,,,,,,,,,,,,,,,,
Savira Mathugalethake,S. Janaki|S. P. Balasubrahmanyam,Kannada,,,,,,,,,,,,,,,,
Kandha Oh Nanna Kanda,S. P. Balasubrahmanyam,Kannada,,,,,,,,,,,,,,,,
Sangeethave,S. P. Balasubrahmanyam,Kannada,,,,,,,,,,,,,,,,
Thata Pata Hanigalu Baaninda,S. P. Balasubrahmanyam|P. Susheela,Kannada,,,,,,,,,,,,,,,,
Henne Ninna Kannanota,S. Janaki|K J Yesudas,Kannada,,,,,,,,,,,,,,,,
Nagu Nagutiruva Mogadali,S. P. Balasubrahmanyam,Kannada,,,,,,,,,,,,,,,,
Doddavarella Jaanaralla,S. P. Balasubrahmanyam,Kannada,,,,,,,,,,,,,,,,
Yee Sambhashane,S. Janaki|S. P. Balasubrahmanyam,Kannada,,,,,,,,,,,,,,,,
Naaniruvudu Nimagaagi,Dr. Rajkumar,Kannada,,,,,,,,,,,,,,,,
Kanna Notadalli,P. Susheela,Kannada,,,,,,,,,,,,,,,,
Olave Jeevana,P.B. Sreenivas|P. Susheela,Kannada,,,,,,,,,,,,,,,,
Modala Baari,S. P. Balasubrahmanyam|Manjula Gururaj,Kannada,,,,,,,,,,,,,,,,
Idhu Yaaru Bareda Katheya,Dr. Rajkumar,Kannada,,,,,,,,,,,,,,,,
Kannadathi Nammodathi,P.B. Sreenivas|P. Susheela,Kannada,,,,,,,,,,,,,,,,
Hey Ninagagiye,Dr. Rajkumar,Kannada,,,,,,,,,,,,,,,,
Aase Heluvase,Dr. Rajkumar|P Suhseela|S. Janaki,Kannada,,,,,,,,,,,,,,,,
Yuga Ugaadi Kaledaro,S. Janaki,Kannada,,,,,,,,,,,,,,,,
Mundhe Baani Innoo Mundhe Banni,S. P. Balasubrahmanyam,Kannada,,,,,,,,,,,,,,,,
Gangi Ninmele Manasa,S. Janaki|P.B. Sreenivas,Kannada,,,,,,,,,,,,,,,,
Nagu Nagutha Nali Nali,P.B. Sreenivas,Kannada,,,,,,,,,,,,,,,,
Raaga Anuraaga,S. Janaki|Dr. Rajkumar,Kannada,,,,,,,,,,,,,,,,
Sa Ri Ga Ma,S. P. Balasubrahmanyam|Latha Hamsalekha,Kannada,,,,,,,,,,,,,,,,
Sogasaagide,S. P. Balasubrahmanyam|Vani Jairam,Kannada,,,,,,,,,,,,,,,,
Yaru Neenu,Kousalya|Dr. Rajkumar,Kannada,,,,,,,,,,,,,,,,
Alle Nillu,S. Janaki|P.B. Sreenivas,Kannada,,,,,,,,,,,,,,,,
Ninna Ninna Snehaka,Dr. Rajkumar|P. Susheela,Kannada,,,,,,,,,,,,,,,,
Nannedhe Kogileya,S. Janaki,Kannada,,,,,,,,,,,,,,,,
Naguva Ninna Mogava Chenna,S. P. Balasubrahmanyam|P. Susheela,Kannada,,,,,,,,,,,,,,,,
Nagu Endhidhe,S. Janaki,Kannada,,,,,,,,,,,,,,,,
Raja Nanna Raja - Title Music,G. K. Venkatesh,Kannada,,,,,,,,,,,,,,,,
Rajadhi Raja,S. Janaki|Dr. Rajkumar,Kannada,,,,,,,,,,,,,,,,
Nee Nadeva Haadiyalli,S. Janaki|P. Susheela,Kannada,,,,,,,,,,,,,,,,
Nee Nadeva,P Suhseela,Kannada,,,,,,,,,,,,,,,,
Maathonda,S. P. Balasubrahmanyam|S. Janaki,Kannada,,,,,,,,,,,,,,,,
Nannallu Ninnallu,S. Janaki|S. P. Balasubrahmanyam,Kannada,,,,,,,,,,,,,,,,
Gangeya Kareyali,S. P. Balasubrahmanyam|Vani Jairam,Kannada,,,,,,,,,,,,,,,,
Thalli Kattuva Shubhavela,S. P. Balasubrahmanyam,Kannada,,,,,,,,,,,,,,,,
Maagiya Chaliyalli,S. Janaki|S. P. Balasubrahmanyam,Kannada,,,,,,,,,,,,,,,,
Shubhashaya Maduveya,S. P. Balasubrahmanyam,Kannada,,,,,,,,,,,,,,,,
Haalalladaru - Bit,B.R.Chaya,Kannada,,,,,,,,,,,,,,,,
Ninne Ninnege,S. Janaki|S. P. Balasubrahmanyam,Kannada,,,,,,,,,,,,,,,,
Jeevana Kaalada,S. P. Balasubrahmanyam,Kannada,,,,,,,,,,,,,,,,
Kaddu Kaddu Nodu,P.B. Sreenivas,Kannada,,,,,,,,,,,,,,,,
Sole Illa Ninna Haadu (Sad),S. P. Balasubrahmanyam|S. Janaki,Kannada,,,,,,,,,,,,,,,,
Ninna Kanda Nanna,S. Janaki|S. P. Balasubrahmanyam,Kannada,,,,,,,,,,,,,,,,
Notadage Nageya Meeti,S. P. Balasubrahmanyam,Kannada,,,,,,,,,,,,,,,,
Bisi Bisi Kajjaya,Dr. Rajkumar,Kannada,,,,,,,,,,,,,,,,
Ondanondu Kaladhalli,Kavita Krishnamurthy,Kannada,,,,,,,,,,,,,,,,
Mugiletha Oduthide,P Suhseela|S. P. Balasubrahmanyam,Kannada,,,,,,,,,,,,,,,,
Naguva Nayana,S. P. Balasubrahmanyam|S. Janaki,Kannada,,,,,,,,,,,,,,,,
Hoovinda Bareda Katheya,Dr. Rajkumar,Kannada,,,,,,,,,,,,,,,,
Olumeya Hoove,P.B. Sreenivas,Kannada,,,,,,,,,,,,,,,,
Sweety Nanna,S. Janaki|S. P. Balasubrahmanyam,Kannada,,,,,,,,,,,,,,,,
Naguvudo Aluvudo,P.B. Sreenivas,Kannada,,,,,,,,,,,,,,,,
Yeno Santhosha,S. Janaki|S. P. Balasubrahmanyam,Kannada,,,,,,,,,,,,,,,,
Kallu Kavitheya Haaduvudu,P.B. Sreenivas,Kannada,,,,,,,,,,,,,,,,
Nimagirali Naadu,S. P. Balasubrahmanyam,Kannada,,,,,,,,,,,,,,,,
Ninna Roopu Edeya,S. Janaki,Kannada,,,,,,,,,,,,,,,,
Ninna Nanna,Dr. Rajkumar,Kannada,,,,,,,,,,,,,,,,
Nesara Nodu,Sulochana,Kannada,,,,,,,,,,,,,,,,
Hoovondu Beku Ballige,S. Janaki,Kannada,,,,,,,,,,,,,,,,
Huliya Haalina Mevu,S. P. Balasubrahmanyam|K. S. Chithra,Kannada,,,,,,,,,,,,,,,,
Taanonda Nenedare Maanava,S. P. Balasubrahmanyam,Kannada,,,,,,,,,,,,,,,,
Joke Nannu Balliya Minchu,L.R. Eswari,Kannada,,,,,,,,,,,,,,,,
Nee Tanda Kaanike,S. Janaki|P.B. Sreenivas,Kannada,,,,,,,,,,,,,,,,
Bhagavantha Kaikotta,P.B. Sreenivas,Kannada,,,,,,,,,,,,,,,,
Mussanjeli,Manjula Gururaj,Kannada,,,,,,,,,,,,,,,,
Idu Maayabajaaru,S. P. Balasubrahmanyam|K. S. Chithra,Kannada,,,,,,,,,,,,,,,,
Hubballiyinda Haribanda,P. Susheela,Kannada,,,,,,,,,,,,,,,,
Nidireyu Sadaa Eko Doora,P.B. Sreenivas|P. Susheela|S. P. Balasubrahmanyam,Kannada,,,,,,,,,,,,,,,,
Nille Gowramma,S. P. Balasubrahmanyam|K J Yesudas,Kannada,,,,,,,,,,,,,,,,
Bangaradha Bombeye,S. Janaki|S. P. Balasubrahmanyam,Kannada,,,,,,,,,,,,,,,,
Saagali Guri Serali,S. P. Balasubrahmanyam,Kannada,,,,,,,,,,,,,,,,
Naguva Nayana,S. P. Balasubrahmanyam|S. Janaki,Kannada,,,,,,,,,,,,,,,,
Nee Bandu Ninthaaga,P.B. Sreenivas|P. Susheela,Kannada,,,,,,,,,,,,,,,,
Jaadisi Odi,S. P. Balasubrahmanyam,Kannada,,,,,,,,,,,,,,,,
Sri Krishna Bandanu,S. P. Balasubrahmanyam,Kannada,,,,,,,,,,,,,,,,
Ellidde Illeethanka,S. P. Balasubrahmanyam,Kannada,,,,,,,,,,,,,,,,
Beladingalondu Hennaagi Bandanthe,S. P. Balasubrahmanyam,Kannada,,,,,,,,,,,,,,,,
Ammamma,S. Janaki,Kannada,,,,,,,,,,,,,,,,
Gange Baare Tunge Baare,S. P. Balasubrahmanyam|S. Janaki,Kannada,,,,,,,,,,,,,,,,
Bhoolokavella,S. P. Balasubrahmanyam,Kannada,,,,,,,,,,,,,,,,
Ee Binka Bidu,S. Janaki|S. P. Balasubrahmanyam,Kannada,,,,,,,,,,,,,,,,
Hari Sarvotthama,Bellur Sisters,Kannada,,,,,,,,,,,,,,,,
Onde Ondu Aaseyu,S. Janaki|S. P. Balasubrahmanyam,Kannada,,,,,,,,,,,,,,,,
Kodaginolu Bedaginolu,S. P. Balasubrahmanyam,Kannada,,,,,,,,,,,,,,,,
Olave Jeevana (Female),P. Susheela,Kannada,,,,,,,,,,,,,,,,
Kaamalada Hoovinda,P.B. Sreenivas,Kannada,,,,,,,,,,,,,,,,
Nalla Ennale Ninna,S. Janaki,Kannada,,,,,,,,,,,,,,,,
Aakaasha Deepavu Neenu (Sad),S. Janaki,Kannada,,,,,,,,,,,,,,,,
Kousalya Supraja Rama - Psusheela,P. Susheela,Kannada,,,,,,,,,,,,,,,,
Kannu Reppe,S. Janaki|P.B. Sreenivas,Kannada,,,,,,,,,,,,,,,,
Haavina Dwesha Hanneradu Varusha,S. P. Balasubrahmanyam,Kannada,,,,,,,,,,,,,,,,
Kannu Kannu,S. Janaki|S. P. Balasubrahmanyam,Kannada,,,,,,,,,,,,,,,,
Olavemba Ondu,K J Yesudas|Vani Jairam,Kannada,,,,,,,,,,,,,,,,
Godholi Haruva,P.B. Sreenivas|P. Susheela,Kannada,,,,,,,,,,,,,,,,
Naguveya Henne Naanu,Dr. Rajkumar|H P Geetha,Kannada,,,,,,,,,,,,,,,,
Sooryana Kaantige,Dr. Rajkumar|Kasturi Shankar,Kannada,,,,,,,,,,,,,,,,
Aha Mogavu Entha Cheluvu,P.B. Sreenivas,Kannada,,,,,,,,,,,,,,,,
Cheluvada Muddaada,P.B. Sreenivas|P. Susheela,Kannada,,,,,,,,,,,,,,,,
Premada Haadige,S. Janaki|S. P. Balasubrahmanyam,Kannada,,,,,,,,,,,,,,,,
Cheluveya Andada,S. P. Balasubrahmanyam,Kannada,,,,,,,,,,,,,,,,
Nagutha Haadale Alutha Haadale,P.B. Sreenivas,Kannada,,,,,,,,,,,,,,,,
Ninagaagi Ododi Bande,Dr. Rajkumar,Kannada,,,,,,,,,,,,,,,,
Saaru Saaru Miltry Saaru,S. P. Balasubrahmanyam|Latha Hamsalekha,Kannada,,,,,,,,,,,,,,,,
Ramana Bhanta,Mano|Manjula Gururaj,Kannada,,,,,,,,,,,,,,,,
Baara Olidhu Baara,P. Susheela,Kannada,,,,,,,,,,,,,,,,
Kannugale Kamalagalu,S. Janaki|P.B. Sreenivas,Kannada,,,,,,,,,,,,,,,,
Nodu Baa Nodu Baa Nammoora,S. Janaki,Kannada,,,,,,,,,,,,,,,,
Alli Illi Hudukutha,P. Susheela|S. P. Balasubrahmanyam,Kannada,,,,,,,,,,,,,,,,
Naa Haadalu,Jagadesh|Venu,Kannada,,,,,,,,,,,,,,,,
Aakashave Beelali Mele,P.B. Sreenivas,Kannada,,,,,,,,,,,,,,,,
Madhumaasa Chandrama,S. Janaki|Vani Jairam,Kannada,,,,,,,,,,,,,,,,
Unte Unte,S. P. Balasubrahmanyam,Kannada,,,,,,,,,,,,,,,,
Muluga Bayasuve,P.B. Sreenivas,Kannada,,,,,,,,,,,,,,,,
Olave Jeevana,P.B. Sreenivas|P. Susheela,Kannada,,,,,,,,,,,,,,,,
Jagodhoddharana Adisidale,Dr. Rajkumar,Kannada,,,,,,,,,,,,,,,,
Ide Jeevana,S. P. Balasubrahmanyam,Kannada,,,,,,,,,,,,,,,,
Chinna Chinna Beda Chinna,Ramesh|Vani Jairam,Kannada,,,,,,,,,,,,,,,,
Thera Yeri Ambaradaage,S. P. Balasubrahmanyam,Kannada,,,,,,,,,,,,,,,,
Bere Yenu Beda Endigu,Vani Jairam|Dr. Rajkumar,Kannada,,,,,,,,,,,,,,,,
Aaseya Bhava Female,S. Janaki,Kannada,,,,,,,,,,,,,,,,
Naa Ninna Mareyalaare Part 1 - Dialogues,Dr. Rajkumar|Lakshmi|Leelavathi|Manjula Gururaj,Kannada,,,,,,,,,,,,,,,,
Idu Yaava Janmada,S. Janaki|P.B. Sreenivas,Kannada,,,,,,,,,,,,,,,,
Kannu Kannu,S. Janaki|S. P. Balasubrahmanyam,Kannada,,,,,,,,,,,,,,,,
Chinna Nanna Ninna,K J Yesudas,Kannada,,,,,,,,,,,,,,,,
Dharani Mandala Madhyadolage,Vidyarani|P.B. Sreenivas|B.K. Sumitra,Kannada,,,,,,,,,,,,,,,,
Haavige Mungusiyuntu,Dwarakish|L.R. Eswari|P.B. Sreenivas,Kannada,,,,,,,,,,,,,,,,
Ondhe Naadu,S. Janaki|P.B. Sreenivas,Kannada,,,,,,,,,,,,,,,,
Idhe Hudugi,P.B. Sreenivas|L.R. Eswari,Kannada,,,,,,,,,,,,,,,,
Vasantha Baredanu,Vani Jairam|S. P. Balasubrahmanyam,Kannada,,,,,,,,,,,,,,,,
Ninna Kannugalu,S. P. Balasubrahmanyam|Vani Jairam,Kannada,,,,,,,,,,,,,,,,
Ravivarmana Kunchada Kale Bale,S. Janaki|P.B. Sreenivas,Kannada,,,,,,,,,,,,,,,,
Preethisu Sampeeisu,S. Janaki|P.B. Sreenivas,Kannada,,,,,,,,,,,,,,,,
Aakashave Beelali Mele,P.B. Sreenivas,Kannada,,,,,,,,,,,,,,,,
Kokoreko,L.R. Eswari|S. P. Balasubrahmanyam,Kannada,,,,,,,,,,,,,,,,
Guttonda Heluve,P.B. Sreenivas,Kannada,,,,,,,,,,,,,,,,
Haallai Mindavalo,M. Balamuralikrishna,Kannada,,,,,,,,,,,,,,,,
Muddina Gini,S. P. Balasubrahmanyam|S. Janaki,Kannada,,,,,,,,,,,,,,,,
Soundarya Thumbidhe,S. Janaki|S. P. Balasubrahmanyam,Kannada,,,,,,,,,,,,,,,,
Kottalo Kottalamma,S. P. Balasubrahmanyam|S. Janaki,Kannada,,,,,,,,,,,,,,,,
Doniyolage Neenu,P. Susheela,Kannada,,,,,,,,,,,,,,,,
Maduve Maduve,S. Janaki,Kannada,,,,,,,,,,,,,,,,
Naguva Cheluva Mogava,S. P. Balasubrahmanyam|S. Janaki,Kannada,,,,,,,,,,,,,,,,
Joke Nannu Balliya Minchu,L.R. Eswari,Kannada,,,,,,,,,,,,,,,,
Hakki Haado,P. Susheela,Kannada,,,,,,,,,,,,,,,,
Hannu Maagidhe,S. Janaki|Dr. Rajkumar,Kannada,,,,,,,,,,,,,,,,
Neene Nanna,S. Janaki|S. P. Balasubrahmanyam,Kannada,,,,,,,,,,,,,,,,
Emma Maneyangaladi,S. Janaki,Kannada,,,,,,,,,,,,,,,,
Aakasha Baagide,S. P. Balasubrahmanyam,Kannada,,,,,,,,,,,,,,,,
Dance Bit,Group Song,Kannada,,,,,,,,,,,,,,,,
Balliyondu,P.B. Sreenivas,Kannada,,,,,,,,,,,,,,,,
Ee Dinamaja Kandenu Nija,P.B. Sreenivas,Kannada,,,,,,,,,,,,,,,,
Nagu Nagutha Nali,Jagadesh|Venu,Kannada,,,,,,,,,,,,,,,,
Manade Munidhe,S. Janaki|P.B. Sreenivas,Kannada,,,,,,,,,,,,,,,,
Thanam Thananam,Vani Jairam|S. P. Balasubrahmanyam,Kannada,,,,,,,,,,,,,,,,
Gowri Mogavu,S. P. Balasubrahmanyam,Kannada,,,,,,,,,,,,,,,,
Cheluvina Kale,P. Susheela,Kannada,,,,,,,,,,,,,,,,
Ninna Kangala,Dr. Rajkumar,Kannada,,,,,,,,,,,,,,,,
Namo Bhoothanatha,Ghanatasala|P Leela,Kannada,,,,,,,,,,,,,,,,
Baanige Neeliya,P.B. Sreenivas|P. Susheela,Kannada,,,,,,,,,,,,,,,,
Yero Nee Yaro,L.R. Eswari,Kannada,,,,,,,,,,,,,,,,
Gowri Manohariya Kande,S. P. Balasubrahmanyam|Vani Jairam,Kannada,,,,,,,,,,,,,,,,
Aaha Aaha Idenu Nade,P.B. Sreenivas,Kannada,,,,,,,,,,,,,,,,
Baare O Cheluve,S. P. Balasubrahmanyam,Kannada,,,,,,,,,,,,,,,,
Do Do Do Basavanna,P.B. Sreenivas|L.R. Eswari,Kannada,,,,,,,,,,,,,,,,
Meribedavo,S. P. Balasubrahmanyam,Kannada,,,,,,,,,,,,,,,,
Benkiyalli Thampu Kandenu,S. P. Balasubrahmanyam|S. Janaki,Kannada,,,,,,,,,,,,,,,,
Nade Nade,P.B. Sreenivas,Kannada,,,,,,,,,,,,,,,,
Kudiyona Ba,P.B. Sreenivas|Chorus,Kannada,,,,,,,,,,,,,,,,
Olagina Aase,P.B. Sreenivas,Kannada,,,,,,,,,,,,,,,,
Hey Nanagaagiye,S. P. Balasubrahmanyam,Kannada,,,,,,,,,,,,,,,,
Muttina Hanigalu,S. P. Balasubrahmanyam|S. Janaki,Kannada,,,,,,,,,,,,,,,,
Mellage Nade Mellage,P.B. Sreenivas,Kannada,,,,,,,,,,,,,,,,
Ayyayyayyo Hallimukka,L.R. Eswari,Kannada,,,,,,,,,,,,,,,,
Shubhamangala,Vani Jairam|P.B. Sreenivas,Kannada,,,,,,,,,,,,,,,,
Naane Raaja Yee Voorige,Sowmitri|L.R. Anjali,Kannada,,,,,,,,,,,,,,,,
Kele Kele Nanna Kathe Heluve,Rathnakar|P.B. Sreenivas,Kannada,,,,,,,,,,,,,,,,
Madhura Mojina,L.R. Eswari,Kannada,,,,,,,,,,,,,,,,
Yeno Kurudu Bhavane,S. Janaki,Kannada,,,,,,,,,,,,,,,,
Jagadhedheya Veeneyanu,S. Janaki,Kannada,,,,,,,,,,,,,,,,
Mayor Muthanna,Dwarakish,Kannada,,,,,,,,,,,,,,,,
Gowramma Ninna Ganda,S. P. Balasubrahmanyam|S. Janaki,Kannada,,,,,,,,,,,,,,,,
Idu Yaava Janmada,Aheswari,Kannada,,,,,,,,,,,,,,,,
Malle Maale,P. Susheela|L.R. Eswari,Kannada,,,,,,,,,,,,,,,,
Piano Bit,Not Applicable,Kannada,,,,,,,,,,,,,,,,
Hodare Hogu,S. Janaki|P.B. Sreenivas,Kannada,,,,,,,,,,,,,,,,
Odi Odi Odi,S. Janaki,Kannada,,,,,,,,,,,,,,,,
Malle Maale,L.R. Eswari,Kannada,,,,,,,,,,,,,,,,
Cycle Mele Banda,S. Janaki|L.R. Eswari,Kannada,,,,,,,,,,,,,,,,
Savadatti Puravaasi,Dr Mrutyunjaya Swami,Kannada,,,,,,,,,,,,,,,,
Thay Bara Mogava,S. Janaki,Kannada,,,,,,,,,,,,,,,,
Helale Naa Ninagige,S. P. Balasubrahmanyam,Kannada,,,,,,,,,,,,,,,,
Sole Illa Ninna Haadu (Bit),S. P. Balasubrahmanyam,Kannada,,,,,,,,,,,,,,,,
Gangi Ninmele Manasa,S. Janaki|P.B. Sreenivas,Kannada,,,,,,,,,,,,,,,,
Biduvene Chinna,S. P. Balasubrahmanyam|Vani Jairam,Kannada,,,,,,,,,,,,,,,,
Kanasinalli,S. Janaki|S. P. Balasubrahmanyam,Kannada,,,,,,,,,,,,,,,,
Bholore Shanthi,S. P. Balasubrahmanyam|B.R.Chaya,Kannada,,,,,,,,,,,,,,,,
Ek Do Theen Chaar,Latha Hamsalekha,Kannada,,,,,,,,,,,,,,,,
Baanu Bhoomiya,S. Janaki|S. P. Balasubrahmanyam,Kannada,,,,,,,,,,,,,,,,
Madayya Bandeya,L.R. Eswari,Kannada,,,,,,,,,,,,,,,,
Karaneri Banda,P.B. Sreenivas,Kannada,,,,,,,,,,,,,,,,
Bharjari Beate,S. P. Balasubrahmanyam,Kannada,,,,,,,,,,,,,,,,
Bidenu Ninna Paadha,S. Janaki,Kannada,,,,,,,,,,,,,,,,
Maduveye Banthamma,S. Janaki|S. P. Balasubrahmanyam,Kannada,,,,,,,,,,,,,,,,
Neenu Hatthira Iddiddare,S. P. Balasubrahmanyam|Vani Jairam,Kannada,,,,,,,,,,,,,,,,
Ice Cream Ice Cream,P.B. Sreenivas,Kannada,,,,,,,,,,,,,,,,
Vote For Vote For,S. P. Balasubrahmanyam|Manjula Gururaj,Kannada,,,,,,,,,,,,,,,,
Love Love Love Andre Prema,P.B. Sreenivas,Kannada,,,,,,,,,,,,,,,,
O Chandamama,L.R. Eswari,Kannada,,,,,,,,,,,,,,,,
I Love You,S. P. Balasubrahmanyam,Kannada,,,,,,,,,,,,,,,,
Haavige Mugusiyunta,P.B. Sreenivas|L.R. Eswari,Kannada,,,,,,,,,,,,,,,,
Chinna Yendhu Naguthiru,P.B. Sreenivas,Kannada,,,,,,,,,,,,,,,,
Daranige Giri Bharave,P. Susheela,Kannada,,,,,,,,,,,,,,,,
Baare Baare Nannavale,S. Janaki|S. P. Balasubrahmanyam,Kannada,,,,,,,,,,,,,,,,
Kanneradu Nanage,S. Janaki|P.B. Sreenivas,Kannada,,,,,,,,,,,,,,,,
Alli Illi Hudukutha,P. Susheela|S. P. Balasubrahmanyam,Kannada,,,,,,,,,,,,,,,,
Naa Bayasada Bhagya,P. Susheela|P.B. Sreenivas,Kannada,,,,,,,,,,,,,,,,
Aaseya Bhava Male,S. P. Balasubrahmanyam,Kannada,,,,,,,,,,,,,,,,
Hosa Hosa,S. Janaki|S. P. Balasubrahmanyam,Kannada,,,,,,,,,,,,,,,,
Ee Mounava,Dr. Rajkumar|S. Janaki,Kannada,,,,,,,,,,,,,,,,
Aadaddhu Ondu,P.B. Sreenivas,Kannada,,,,,,,,,,,,,,,,
Sree Ramachandra,P.B. Sreenivas,Kannada,,,,,,,,,,,,,,,,
Gelathi Nanna Gelathi,S. P. Balasubrahmanyam|Vani Jairam,Kannada,,,,,,,,,,,,,,,,
Aha Idhenu Nade,P. Susheela,Kannada,,,,,,,,,,,,,,,,
Preethine Aa Dyavaru Thanda,P.B. Sreenivas|P. Susheela,Kannada,,,,,,,,,,,,,,,,
Anandha Chenda Thumbhi,P. Susheela|P.B. Sreenivas,Kannada,,,,,,,,,,,,,,,,
Kangalu Thumbiralu,S. Janaki,Kannada,,,,,,,,,,,,,,,,
Hrudaya Mandhira,S. Janaki,Kannada,,,,,,,,,,,,,,,,
Ondu Thaa,L.R. Eswari,Kannada,,,,,,,,,,,,,,,,
Suryangu Chandrangu,K.S.L. Swamy,Kannada,,,,,,,,,,,,,,,,
Ninna Nanna,Dr. Rajkumar,Kannada,,,,,,,,,,,,,,,,
Mysooru Dasara,P.B. Sreenivas,Kannada,,,,,,,,,,,,,,,,
Modalane Dhinave,S. Janaki|S. P. Balasubrahmanyam,Kannada,,,,,,,,,,,,,,,,
Anandha Chenda,P. Susheela,Kannada,,,,,,,,,,,,,,,,
Apara Keerthi,P.B. Sreenivas,Kannada,,,,,,,,,,,,,,,,
Aadhi Lakshmi Devige,Kadri Gopalnath,Kannada,,,,,,,,,,,,,,,,
Naachike Inneke,S. Janaki|S. P. Balasubrahmanyam,Kannada,,,,,,,,,,,,,,,,
Jayathe Jayathe,Ambar Kumar|Manna Dey|Krishna Kalle,Kannada,,,,,,,,,,,,,,,,
Usire Usire,S. P. Balasubrahmanyam,Kannada,,,,,,,,,,,,,,,,
Chendina Baale,S. P. Balasubrahmanyam|S. Janaki,Kannada,,,,,,,,,,,,,,,,
Yeno Maadalu Hogi,S. P. Balasubrahmanyam,Kannada,,,,,,,,,,,,,,,,
Nagu Endhidhe,S. Janaki,Kannada,,,,,,,,,,,,,,,,
Ninna Savine Nape,S. Janaki,Kannada,,,,,,,,,,,,,,,,
Notadage Nageya Meeti - Sad,S. P. Balasubrahmanyam,Kannada,,,,,,,,,,,,,,,,
Kannalli Neenu,S. Janaki|S. P. Balasubrahmanyam,Kannada,,,,,,,,,,,,,,,,
Muttina Hanigalu,S. P. Balasubrahmanyam|S. Janaki,Kannada,,,,,,,,,,,,,,,,
Hoovondu,R.N. Sudarshan,Kannada,,,,,,,,,,,,,,,,
Karnatakada Itihaasadali,S. P. Balasubrahmanyam,Kannada,,,,,,,,,,,,,,,,
Sweety Nanna,S. P. Balasubrahmanyam|S. Janaki,Kannada,,,,,,,,,,,,,,,,
Aadabeku Karate Aadabeku,S. P. Balasubrahmanyam,Kannada,,,,,,,,,,,,,,,,
Thirupathi Girivasa,P.B. Sreenivas|P Suhseela|S. Janaki,Kannada,,,,,,,,,,,,,,,,
Neerinalli Alaya Ungura,P. Susheela|P.B. Sreenivas,Kannada,,,,,,,,,,,,,,,,
Giniye Nanna,Dr. Rajkumar,Kannada,,,,,,,,,,,,,,,,
Ellirali,C Aswath,Kannada,,,,,,,,,,,,,,,,
Aakaashave Beelali - Instrumental Tunes - Nyaayave Devaru,Paavalar Brothers,Kannada,,,,,,,,,,,,,,,,
Preethine Aa Dyavaru Thanda,P.B. Sreenivas|P. Susheela,Kannada,,,,,,,,,,,,,,,,
Naanu Yaaru Yaava Vooru,S. P. Balasubrahmanyam,Kannada,,,,,,,,,,,,,,,,
Virha Nooru Nooru,P Suhseela,Kannada,,,,,,,,,,,,,,,,
Banda Banda Kindarijogi,Hamsalekha,Kannada,,,,,,,,,,,,,,,,
Naaniruvudu Nimagaagi,Dr. Rajkumar,Kannada,,,,,,,,,,,,,,,,
Baaba Endare Aananda,P.B. Sreenivas|Vijayalakshmi Sharma|Chorus,Kannada,,,,,,,,,,,,,,,,
Muthinantha Mathondu,Dr. Rajkumar,Kannada,,,,,,,,,,,,,,,,
Kannada Naadina,S. P. Balasubrahmanyam,Kannada,,,,,,,,,,,,,,,,
Naanu Yaaru Yaava Vooru,S. P. Balasubrahmanyam,Kannada,,,,,,,,,,,,,,,,
Karnataka,Group Song,Kannada,,,,,,,,,,,,,,,,
Ninnallondu Hosathanava,S. Janaki,Kannada,,,,,,,,,,,,,,,,
Paramaathma,S. P. Balasubrahmanyam|Ramani,Kannada,,,,,,,,,,,,,,,,
Hakki Goodu Ondu,Ilaiyaraaja,Kannada,,,,,,,,,,,,,,,,
Yelle Iru,P. Susheela,Kannada,,,,,,,,,,,,,,,,
Thallo Model Gaadi Idu,S. P. Balasubrahmanyam,Kannada,,,,,,,,,,,,,,,,
Puta Puta Hejjeittu,S. Janaki,Kannada,,,,,,,,,,,,,,,,
Nagu Endhidhe,S. Janaki,Kannada,,,,,,,,,,,,,,,,
O Gelathi,S. P. Balasubrahmanyam|Vani Jairam,Kannada,,,,,,,,,,,,,,,,
Preathi Premagale,S. Janaki|K J Yesudas,Kannada,,,,,,,,,,,,,,,,
Bhakthi Bhaava,S. Janaki,Kannada,,,,,,,,,,,,,,,,
E Ko E Kopa Shankara,S. Janaki,Kannada,,,,,,,,,,,,,,,,
Yeke Avarasavu Helu,S. Janaki,Kannada,,,,,,,,,,,,,,,,
Kannalli Kanna Ittu,P.B. Sreenivas|S. P. Balasubrahmanyam,Kannada,,,,,,,,,,,,,,,,
Premavide,S. Janaki,Kannada,,,,,,,,,,,,,,,,
Amma Endare Maimanavella,S. Janaki,Kannada,,,,,,,,,,,,,,,,
Karedaru Kelade,S. Janaki,Kannada,,,,,,,,,,,,,,,,
Kannadada Makkalella,G. K. Venkatesh,Kannada,,,,,,,,,,,,,,,,
Rama Nama,K J Yesudas,Kannada,,,,,,,,,,,,,,,,
Ammamma,S. Janaki,Kannada,,,,,,,,,,,,,,,,
Nillu Nille,S. Janaki,Kannada,,,,,,,,,,,,,,,,
Kathe Mugiyithe Ellige Payana,P.B. Sreenivas,Kannada,,,,,,,,,,,,,,,,
Radhike Ninna Sarasa Videne,S. P. Balasubrahmanyam,Kannada,,,,,,,,,,,,,,,,
Hadinalku Varusha,P. Susheela,Kannada,,,,,,,,,,,,,,,,
Cheluvanarasa Baaro,S. Janaki,Kannada,,,,,,,,,,,,,,,,
Moodala Maneya,S. Janaki,Kannada,,,,,,,,,,,,,,,,
Kari Haidanemboru,B. V. Karanth|G. K. Venkatesh|C Aswath,Kannada,,,,,,,,,,,,,,,,
Premalokadinda Banda,Hamsalekha Orchestra,Kannada,,,,,,,,,,,,,,,,
Ninna Nudiyu,Dr. Rajkumar,Kannada,,,,,,,,,,,,,,,,
Sukha Hagalu Irulu,S. Janaki,Kannada,,,,,,,,,,,,,,,,
Yeno Kurudu - Instrumental Tunes - Hrudaya Sangama,Paavalar Brothers,Kannada,,,,,,,,,,,,,,,,
Saagali Guri Serali,S. P. Balasubrahmanyam,Kannada,,,,,,,,,,,,,,,,
Neeve Nanna,S. P. Balasubrahmanyam,Kannada,,,,,,,,,,,,,,,,
Ee Desha Chenna,P.B. Sreenivas,Kannada,,,,,,,,,,,,,,,,
Arerere Entha Gandige,Kasturi Shankar|Mahesh|P.B. Sreenivas|L.R. Anjali,Kannada,,,,,,,,,,,,,,,,
Naa Benki Yanthe,Dr. Rajkumar|P.B. Sreenivas,Kannada,,,,,,,,,,,,,,,,
Muddu Muddu - Bit,Manjula Gururaj,Kannada,,,,,,,,,,,,,,,,
Beladingalondu Hennaagi Bandanthe,S. P. Balasubrahmanyam,Kannada,,,,,,,,,,,,,,,,
Aagalampe Oogalampe,S. P. Balasubrahmanyam|S. Janaki,Kannada,,,,,,,,,,,,,,,,
Nee Iralu Jotheyalli,S. Janaki|S. P. Balasubrahmanyam,Kannada,,,,,,,,,,,,,,,,
Ellelli Nodali,Dr. Rajkumar|S. Janaki,Kannada,,,,,,,,,,,,,,,,
Janma Janmada,P.B. Sreenivas,Kannada,,,,,,,,,,,,,,,,
Preethine Aa Dyavaru Thanda,P.B. Sreenivas|P. Susheela,Kannada,,,,,,,,,,,,,,,,
Mysorinalli Mallige Hoovu,S. P. Balasubrahmanyam,Kannada,,,,,,,,,,,,,,,,
Savadatti Yellamma,Dr Mrutyunjaya Swami,Kannada,,,,,,,,,,,,,,,,
Dhesha Dheshadolage,S. Janaki|S. P. Balasubrahmanyam,Kannada,,,,,,,,,,,,,,,,
Alli Illi Hudukutha,S. P. Balasubrahmanyam|P. Susheela,Kannada,,,,,,,,,,,,,,,,
Sweety Nanna,S. P. Balasubrahmanyam|S. Janaki,Kannada,,,,,,,,,,,,,,,,
O Henne Nillu Alle,S. P. Balasubrahmanyam,Kannada,,,,,,,,,,,,,,,,
Naa Helalaare,Dr. Rajkumar,Kannada,,,,,,,,,,,,,,,,
Bheegi Bheegi Raaton Mein,Kishore Kumar|Lata Mangeshkar,Hindi,,,,,,,,,,,,,,,,
Aap Ki Ankhon Mein Kuch,Kishore Kumar|Lata Mangeshkar,Hindi,,,,,,,,,,,,,,,,
Tum Aa Gaye Ho Noor Aa Gaya,Kishore Kumar|Lata Mangeshkar,Hindi,,,,,,,,,,,,,,,,
Hamen Tumse Pyar Kitna,Kishore Kumar,Hindi,,,,,,,,,,,,,,,,
Tere Bina Zindagi Se,Kishore Kumar|Lata Mangeshkar,Hindi,,,,,,,,,,,,,,,,
Kora Kagaz Tha Yeh Man Mera,Kishore Kumar|Lata Mangeshkar,Hindi,,,,,,,,,,,,,,,,
Lag Ja Gale Se Phir,Lata Mangeshkar,Hindi,,,,,,,,,,,,,,,,
Ae Mere Humsafar,Udit Narayan|Alka Yagnik,Hindi,,,,,,,,,,,,,,,,
Ek Ajnabee Haseena Se,Kishore Kumar,Hindi,,,,,,,,,,,,,,,,
Tere Mere Milan Ki Yeh Raina,Kishore Kumar|Lata Mangeshkar,Hindi,,,,,,,,,,,,,,,,
Are Jane Kaise Kab Kahan Iqrar,Kishore Kumar|Lata Mangeshkar,Hindi,,,,,,,,,,,,,,,,
Abhi Na Jao Chhod Kar,Asha Bhosle|Mohammed Rafi,Hindi,,,,,,,,,,,,,,,,
O Mere Dil Ke Chain,Kishore Kumar,Hindi,,,,,,,,,,,,,,,,
Tum Ko Dekha To Yeh Khayal Aaya,Chitra Singh|Jagjit Singh,Hindi,,,,,,,,,,,,,,,,
Chura Liya Hai Tumne Jo Dil Ko,Mohammed Rafi|Asha Bhosle,Hindi,,,,,,,,,,,,,,,,
Dekha Ek Khwaab,Lata Mangeshkar|Kishore Kumar,Hindi,,,,,,,,,,,,,,,,
Tere Chehre Se Nazar Nahin,Kishore Kumar|Lata Mangeshkar,Hindi,,,,,,,,,,,,,,,,
Yeh Sham Mastani,Kishore Kumar,Hindi,,,,,,,,,,,,,,,,
Hum Dono Do Premi,Kishore Kumar|Lata Mangeshkar,Hindi,,,,,,,,,,,,,,,,
Do Lafzon Ki Hai Dil Ki Kahani (Duet),Amitabh Bachchan|Asha Bhosle|Sharad Kumar,Hindi,,,,,,,,,,,,,,,,
Tere Bina Jiya Jaye Na,Lata Mangeshkar,Hindi,,,,,,,,,,,,,,,,
Teri Bindiya Re,Lata Mangeshkar|Mohammed Rafi,Hindi,,,,,,,,,,,,,,,,
Kehdoon Tumhen,Asha Bhosle|Kishore Kumar,Hindi,,,,,,,,,,,,,,,,
Pyar Diwana Hota Hai,Kishore Kumar,Hindi,,,,,,,,,,,,,,,,
Ankhon Men Humne Aapke Sapne (Duet),Kishore Kumar|Lata Mangeshkar,Hindi,,,,,,,,,,,,,,,,
Yeh Vaada Raha,Asha Bhosle|Kishore Kumar,Hindi,,,,,,,,,,,,,,,,
Dil Ka Bhanwar Kare Pukar,Mohammed Rafi,Hindi,,,,,,,,,,,,,,,,
Chingari Koi Bhadke,Kishore Kumar,Hindi,,,,,,,,,,,,,,,,
Jhuki Jhuki Si Nazar,Jagjit Singh,Hindi,,,,,,,,,,,,,,,,
Chhu Kar Mere Manko,Kishore Kumar,Hindi,,,,,,,,,,,,,,,,
Chand Mera Dil Chandni Ho Tum,Mohammed Rafi,Hindi,,,,,,,,,,,,,,,,
Kuchh To Log Kahenge,Kishore Kumar,Hindi,,,,,,,,,,,,,,,,
Mere Rang Mein Rangne Wali,S. P. Balasubrahmanyam,Hindi,,,,,,,,,,,,,,,,
Maine Tere Liye,Mukesh,Hindi,,,,,,,,,,,,,,,,
Chal Kahin Door Nikal Jayen,Kishore Kumar|Lata Mangeshkar|Mohammed Rafi,Hindi,,,,,,,,,,,,,,,,
Gaata Rahe Mera Dil,Kishore Kumar|Lata Mangeshkar,Hindi,,,,,,,,,,,,,,,,
Diwana Hua Badal,Asha Bhosle|Mohammed Rafi,Hindi,,,,,,,,,,,,,,,,
Chala Jata Hoon,Kishore Kumar,Hindi,,,,,,,,,,,,,,,,
Kanchi Re Kanchi Re,Kishore Kumar|Lata Mangeshkar,Hindi,,,,,,,,,,,,,,,,
Pyar Ka Dard Hai,Kishore Kumar|Asha Bhosle,Hindi,,,,,,,,,,,,,,,,
Ajib Dastan Hai Yeh,Lata Mangeshkar,Hindi,,,,,,,,,,,,,,,,
Panna Ki Tamanna Hai,Kishore Kumar|Lata Mangeshkar,Hindi,,,,,,,,,,,,,,,,
Chaudhvin Ka Chand Ho,Mohammed Rafi,Hindi,,,,,,,,,,,,,,,,
Rimjhim Gire Sawan,Kishore Kumar,Hindi,,,,,,,,,,,,,,,,
Gun Guna Rahe Hai Bhanvare,Asha Bhosle|Mohammed Rafi,Hindi,,,,,,,,,,,,,,,,
Saagar Jaisi Aankhonwali,Kishore Kumar,Hindi,,,,,,,,,,,,,,,,
Khoya Khoya Chand Khula Aasman,Mohammed Rafi,Hindi,,,,,,,,,,,,,,,,
Yeh Kahan Aa Gaye Hum,Lata Mangeshkar|Amitabh Bachchan,Hindi,,,,,,,,,,,,,,,,
Aise Na Mujhe,Kishore Kumar,Hindi,,,,,,,,,,,,,,,,
O Saathi Re (Male),Kishore Kumar,Hindi,,,,,,,,,,,,,,,,
Kya Hua Tera Vada,Mohammed Rafi|Sushma Shrestha,Hindi,,,,,,,,,,,,,,,,
Kabhi Kabhi Mere Dil Mein (Duet),Lata Mangeshkar|Mukesh,Hindi,,,,,,,,,,,,,,,,
Gazab Ka Hai Din,Udit Narayan|Alka Yagnik,Hindi,,,,,,,,,,,,,,,,
Tum Itna Jo Muskura Rahe Ho,Jagjit Singh,Hindi,,,,,,,,,,,,,,,,
Tune O Rangeele,Lata Mangeshkar,Hindi,,,,,,,,,,,,,,,,
Ek Pyar Ka Naghma Hai,Lata Mangeshkar|Mukesh,Hindi,,,,,,,,,,,,,,,,
Ab To Hai Tumse Har Khushi Apni,Lata Mangeshkar,Hindi,,,,,,,,,,,,,,,,
Bahon Mein Chale Aao,Lata Mangeshkar,Hindi,,,,,,,,,,,,,,,,
Kahin Door Jab Din Dhal Jaye,Mukesh,Hindi,,,,,,,,,,,,,,,,
Aaj Rapat Jaayen To,Asha Bhosle|Kishore Kumar,Hindi,,,,,,,,,,,,,,,,
Likhe Jo Khat Tujhe,Mohammed Rafi,Hindi,,,,,,,,,,,,,,,,
Aanewala Pal Janewala Hai,Kishore Kumar,Hindi,,,,,,,,,,,,,,,,
Aate Jate Khoobsurat Awara,Kishore Kumar,Hindi,,,,,,,,,,,,,,,,
Gum Hai Kisi Ke Pyar Mein,Kishore Kumar|Lata Mangeshkar,Hindi,,,,,,,,,,,,,,,,
Aate Jaate Hanste Gaate,Lata Mangeshkar|S. P. Balasubrahmanyam,Hindi,,,,,,,,,,,,,,,,
Aaja Piya Tohe Pyar Doon,Lata Mangeshkar,Hindi,,,,,,,,,,,,,,,,
Meri Bheegi Bheegi Si,Kishore Kumar,Hindi,,,,,,,,,,,,,,,,
Akele Hain To Kya Gam Hai,Udit Narayan|Alka Yagnik,Hindi,,,,,,,,,,,,,,,,
Isharon Isharon Men Dil Lenewale,Asha Bhosle|Mohammed Rafi,Hindi,,,,,,,,,,,,,,,,
Dard-E-Dil Dard-E-Jigar,Mohammed Rafi,Hindi,,,,,,,,,,,,,,,,
Phoolon Ke Rang Se,Kishore Kumar,Hindi,,,,,,,,,,,,,,,,
Is Mod Se Jate Hain (Duet),Kishore Kumar|Lata Mangeshkar,Hindi,,,,,,,,,,,,,,,,
Gulabi Ankhen,Mohammed Rafi,Hindi,,,,,,,,,,,,,,,,
Aajkal Paon Zaamin Par Nahin Padte,Lata Mangeshkar,Hindi,,,,,,,,,,,,,,,,
Karvaten Badalte Rahe,Kishore Kumar|Lata Mangeshkar,Hindi,,,,,,,,,,,,,,,,
Bachna Ae Hasinon Lo Main Aa Gaya,Kishore Kumar,Hindi,,,,,,,,,,,,,,,,
Tere Jaisa Yaar Kahan,Kishore Kumar,Hindi,,,,,,,,,,,,,,,,
Aye Dil E Nadan,Lata Mangeshkar,Hindi,,,,,,,,,,,,,,,,
Lagi Aaj Sawan Ki,Anupama Deshpande|Suresh Wadkar,Hindi,,,,,,,,,,,,,,,,
Salame Ishq Meri Jaan,Kishore Kumar|Lata Mangeshkar,Hindi,,,,,,,,,,,,,,,,
Ae Ri Pawan,Lata Mangeshkar,Hindi,,,,,,,,,,,,,,,,
Jeevan Ke Din,Kishore Kumar,Hindi,,,,,,,,,,,,,,,,
Saagar Jaisi Aankhonwali,Kishore Kumar,Hindi,,,,,,,,,,,,,,,,
Diye Jalte Hai Phool Khilte Hai,Kishore Kumar,Hindi,,,,,,,,,,,,,,,,
Aaj Mausam Bada Beimaan Hai,Mohammed Rafi,Hindi,,,,,,,,,,,,,,,,
Dil To Hai Dil,Lata Mangeshkar,Hindi,,,,,,,,,,,,,,,,
Tere Chehre Mein Woh Jadoo Hai,Kishore Kumar,Hindi,,,,,,,,,,,,,,,,
Mere Sapnon Ki Rani,Kishore Kumar,Hindi,,,,,,,,,,,,,,,,
O Haseena Zulfonwale Jane Jahan,Asha Bhosle|Mohammed Rafi,Hindi,,,,,,,,,,,,,,,,
Pal Bhar Ke Liye,Kishore Kumar|Usha Khanna,Hindi,,,,,,,,,,,,,,,,
Hum Aap Ki Ankhon Mein,Geeta Dutt|Mohammed Rafi,Hindi,,,,,,,,,,,,,,,,
Are Diwano Mujhe Pehchano,Kishore Kumar,Hindi,,,,,,,,,,,,,,,,
Ehsan Tera Hoga Mujh Par,Mohammed Rafi,Hindi,,,,,,,,,,,,,,,,
Kisi Nazar Ko Tera Intezar,Asha Bhosle|Bhupinder Singh,Hindi,,,,,,,,,,,,,,,,
Apni To Jaise Taise,Kishore Kumar,Hindi,,,,,,,,,,,,,,,,
Dekho Maine Dekha Hai Ek Sapna,Amit Kumar|Lata Mangeshkar,Hindi,,,,,,,,,,,,,,,,
Tere Khushboo Mein Base Khat,Jagjit Singh,Hindi,,,,,,,,,,,,,,,,
Koi Yeh Kaise Bataye,Jagjit Singh,Hindi,,,,,,,,,,,,,,,,
Papa Kehte Hain,Udit Narayan,Hindi,,,,,,,,,,,,,,,,
Roop Tera Mastana,Kishore Kumar,Hindi,,,,,,,,,,,,,,,,
Ye Ladka Hay Allah Kaisa Hai Diwana,Asha Bhosle|Mohammed Rafi,Hindi,,,,,,,,,,,,,,,,
Om Shanti Om (Meri Umar Ke Naujawano),Kishore Kumar,Hindi,,,,,,,,,,,,,,,,
Oh Hansini,Kishore Kumar,Hindi,,,,,,,,,,,,,,,,
Chup Gaye Sare Nazare,Lata Mangeshkar|Mohammed Rafi,Hindi,,,,,,,,,,,,,,,,
Pukarta Chala Hoon Main,Mohammed Rafi,Hindi,,,,,,,,,,,,,,,,
Ye Samaa Samaa Hai Pyar Ka,Lata Mangeshkar,Hindi,,,,,,,,,,,,,,,,
Janu Meri Jaan,Asha Bhosle|Kishore Kumar|Mohammed Rafi|Usha Mangeshkar,Hindi,,,,,,,,,,,,,,,,
Lekar Hum Diwana Dil,Asha Bhosle|Kishore Kumar,Hindi,,,,,,,,,,,,,,,,
Aap Ke Aa Jane Se,Mohammad Aziz|Sadhana Sargam,Hindi,,,,,,,,,,,,,,,,
Tujhse Naraz Nahin Zindagi (Male),Anup Ghoshal,Hindi,,,,,,,,,,,,,,,,
Dekha Na Haye Re,Kishore Kumar,Hindi,,,,,,,,,,,,,,,,
Ye Jawani Hai Diwani,Kishore Kumar,Hindi,,,,,,,,,,,,,,,,
Phir Chiddi Raat,Lata Mangeshkar|Talat Aziz,Hindi,,,,,,,,,,,,,,,,
Pyar Mujh Se Jo Kiya,Jagjit Singh,Hindi,,,,,,,,,,,,,,,,
Aap Ki Nazron Ne Samjha,Lata Mangeshkar,Hindi,,,,,,,,,,,,,,,,
Ham Bane Tum Bane,Lata Mangeshkar|S. P. Balasubrahmanyam,Hindi,,,,,,,,,,,,,,,,
Aaj Phir Tumpe,Pankaj Udhas|Anuradha Paudwal,Hindi,,,,,,,,,,,,,,,,
Tere Mere Sapne Ab Ek Rang Hai,Mohammed Rafi,Hindi,,,,,,,,,,,,,,,,
Pal Pal Dil Ke Paas,Kishore Kumar,Hindi,,,,,,,,,,,,,,,,
Mere Mehboob Qayamat Hogi (Part 1),Kishore Kumar,Hindi,,,,,,,,,,,,,,,,
Lambi Judaai,Reshma,Hindi,,,,,,,,,,,,,,,,
Chalte Chalte,Kishore Kumar,Hindi,,,,,,,,,,,,,,,,
Khaike Paan Banaras Wala,Kishore Kumar,Hindi,,,,,,,,,,,,,,,,
Dilbar Mere,Kishore Kumar|Anette,Hindi,,,,,,,,,,,,,,,,
Main Teri Mohabbat Mein (Part-i),Mohammad Aziz|Sadhana Sargam,Hindi,,,,,,,,,,,,,,,,
Chalte Chalte Yun Hi Koi,Lata Mangeshkar,Hindi,,,,,,,,,,,,,,,,
Kya Khoob Lagti Ho,Kanchan|Mukesh,Hindi,,,,,,,,,,,,,,,,
Huzur Is Kadar,Bhupinder Singh|Suresh Wadkar,Hindi,,,,,,,,,,,,,,,,
Taarif Karoon Kya Uski,Mohammed Rafi,Hindi,,,,,,,,,,,,,,,,
Aaja Sham Hone Aayee,Lata Mangeshkar|S. P. Balasubrahmanyam,Hindi,,,,,,,,,,,,,,,,
Phoolon Ke Rang Se,Kishore Kumar,Hindi,,,,,,,,,,,,,,,,
Agar Tum Mil Jao,Shreya Ghoshal,Hindi,,,,,,,,,,,,,,,,
De De Pyar De (Male),Kishore Kumar,Hindi,,,,,,,,,,,,,,,,
Mere Dil Mein Aaj Kya Hai,Kishore Kumar,Hindi,,,,,,,,,,,,,,,,
Mera Kuchh Samaan,Asha Bhosle,Hindi,,,,,,,,,,,,,,,,
Aaj Kahin Na Ja,Kishore Kumar|Lata Mangeshkar,Hindi,,,,,,,,,,,,,,,,
Jawani Jan-E-Man,Asha Bhosle,Hindi,,,,,,,,,,,,,,,,
Ek Hasina Thi Ek Diwana Tha,Asha Bhosle|Kishore Kumar|Rishi Kapoor,Hindi,,,,,,,,,,,,,,,,
Yeh Dosti Hum Nahin,Kishore Kumar|Manna Dey,Hindi,,,,,,,,,,,,,,,,
Dil Deewana,Lata Mangeshkar,Hindi,,,,,,,,,,,,,,,,
Tujhse Naraz Nahin Zindagi,Lata Mangeshkar|Gulzar,Hindi,,,,,,,,,,,,,,,,
Dream Girl,Kishore Kumar,Hindi,,,,,,,,,,,,,,,,
Ek Main Aur Ek Tu,Asha Bhosle|Kishore Kumar,Hindi,,,,,,,,,,,,,,,,
Bade Achhe Lagte Hain,Amit Kumar,Hindi,,,,,,,,,,,,,,,,
Yeh Tera Ghar Yeh Mera Ghar,Chitra Singh|Jagjit Singh,Hindi,,,,,,,,,,,,,,,,
Ae Phoolon Ki Rani,Mohammed Rafi,Hindi,,,,,,,,,,,,,,,,
Muqaddar Ka Sikandar,Kishore Kumar,Hindi,,,,,,,,,,,,,,,,
Yeh Kya Hua,Kishore Kumar,Hindi,,,,,,,,,,,,,,,,
Ek Do Teen Char,Alka Yagnik,Hindi,,,,,,,,,,,,,,,,
Jai Jai Shiv Shankar,Kishore Kumar|Lata Mangeshkar,Hindi,,,,,,,,,,,,,,,,
Dil Dhundta Hai,Bhupinder Singh|Lata Mangeshkar,Hindi,,,,,,,,,,,,,,,,
Shokhiyon Mein Ghola Jaye,Kishore Kumar|Lata Mangeshkar,Hindi,,,,,,,,,,,,,,,,
Zindagi Ka Safar,Kishore Kumar,Hindi,,,,,,,,,,,,,,,,
Sheesha Ho Ya Dil Ho,Lata Mangeshkar,Hindi,,,,,,,,,,,,,,,,
Baharo Phool Barsao,Mohammed Rafi,Hindi,,,,,,,,,,,,,,,,
Tera Naam Liya,Anuradha Paudwal|Manhar Udhas,Hindi,,,,,,,,,,,,,,,,
Tu Kahan Ye Bata,Mohammed Rafi,Hindi,,,,,,,,,,,,,,,,
O Mere Sona Re Sona,Asha Bhosle|Mohammed Rafi,Hindi,,,,,,,,,,,,,,,,
Tamma Tamma Loge,Anuradha Paudwal|Bappi Lahiri,Hindi,,,,,,,,,,,,,,,,
Raat Baaqi Baat Baaqi,Asha Bhosle|Bappi Lahiri|Shashi Kapoor,Hindi,,,,,,,,,,,,,,,,
Mil Gaya Humko Saathi Mil Gaya,Kishore Kumar|Asha Bhosle,Hindi,,,,,,,,,,,,,,,,
Din Dhal Jaye Haye,Mohammed Rafi,Hindi,,,,,,,,,,,,,,,,
In Ankhon Ki Masti,Asha Bhosle,Hindi,,,,,,,,,,,,,,,,
Ab Ke Sajan Sawan Mein,Lata Mangeshkar,Hindi,,,,,,,,,,,,,,,,
Tumne Mujhe Dekha Hokar Meherban,Mohammed Rafi,Hindi,,,,,,,,,,,,,,,,
Mujhe Naulakha Mangawa De Re,Asha Bhosle|Kishore Kumar,Hindi,,,,,,,,,,,,,,,,
Kisi Raah Men Kisi Mod Par,Lata Mangeshkar|Mukesh,Hindi,,,,,,,,,,,,,,,,
Mann Ki Lagan,Rahat Fateh Ali Khan,Hindi,,,,,,,,,,,,,,,,
Chhoti Si Kahani Se,Asha Bhosle,Hindi,,,,,,,,,,,,,,,,
Meri Sanson Mein,Udit Narayan,Hindi,,,,,,,,,,,,,,,,
Tumse Milkar Na Jane,Lata Mangeshkar|Shabbir Kumar,Hindi,,,,,,,,,,,,,,,,
Ho Pardesia,Kishore Kumar|Lata Mangeshkar,Hindi,,,,,,,,,,,,,,,,
Achha To Hum Chalte Hain,Kishore Kumar|Lata Mangeshkar,Hindi,,,,,,,,,,,,,,,,
Dil Kya Kare,Kishore Kumar,Hindi,,,,,,,,,,,,,,,,
Right Here Right Now,Abhishek Bachchan|Sunidhi Chauhan,Hindi,,,,,,,,,,,,,,,,
Mehbooba Mehbooba,R. D. Burman,Hindi,,,,,,,,,,,,,,,,
Loote Koi Man Ka Nagar,Lata Mangeshkar|Manhar Udhas,Hindi,,,,,,,,,,,,,,,,
Sun Sahiba Sun,Lata Mangeshkar,Hindi,,,,,,,,,,,,,,,,
Yeh Mera Dil Yaar Ka Diwana,Asha Bhosle,Hindi,,,,,,,,,,,,,,,,
Ab Tere Dil Mein To,Alka Yagnik|Kumar Sanu,Hindi,,,,,,,,,,,,,,,,
Badan Pe Sitare Lapete Huye,Mohammed Rafi,Hindi,,,,,,,,,,,,,,,,
I Am A Disco Dancer,Vijay Benedict,Hindi,,,,,,,,,,,,,,,,
Aaja Re O Mere,Lata Mangeshkar|Nitin Mukesh,Hindi,,,,,,,,,,,,,,,,
Suno Kaho Suna,Kishore Kumar|Lata Mangeshkar,Hindi,,,,,,,,,,,,,,,,
Main Pal Do Pal Ka Shair Hoon,Mukesh,Hindi,,,,,,,,,,,,,,,,
Ek Din Bik Jayega Mati Ke Mol (Happy),Mukesh,Hindi,,,,,,,,,,,,,,,,
Woh Kagaz Ki Kashti (Part 1),Jagjit Singh,Hindi,,,,,,,,,,,,,,,,
Zindagi Kaisi Hai Paheli,Manna Dey,Hindi,,,,,,,,,,,,,,,,
Aao Na Gale Lag Jao Na,Asha Bhosle,Hindi,,,,,,,,,,,,,,,,
Mere Mehboob Tujhe Meri Muhabbat,Mohammed Rafi,Hindi,,,,,,,,,,,,,,,,
Jhilmil Sitaron Ka Angan Hoga,Lata Mangeshkar|Mohammed Rafi,Hindi,,,,,,,,,,,,,,,,
Na Jiya Lage Na,Lata Mangeshkar,Hindi,,,,,,,,,,,,,,,,
Dil Cheez Kya Hai,Asha Bhosle,Hindi,,,,,,,,,,,,,,,,
Phir Wohi Raat Hai Khwab Ki,Kishore Kumar,Hindi,,,,,,,,,,,,,,,,
Pag Ghunghroo Baandh,Kishore Kumar,Hindi,,,,,,,,,,,,,,,,
Naam Goom Jayega,Lata Mangeshkar|Bhupinder Singh,Hindi,,,,,,,,,,,,,,,,
Likha Hai Teri Ankhon Mein,Kishore Kumar|Lata Mangeshkar,Hindi,,,,,,,,,,,,,,,,
Yeh Jo Mohabbat Hai,Kishore Kumar,Hindi,,,,,,,,,,,,,,,,
Tu Hi Meri Shab Hai,K.K.,Hindi,,,,,,,,,,,,,,,,
Yeh Reshmi Zulfen,Mohammed Rafi,Hindi,,,,,,,,,,,,,,,,
Aye Watan Tere Liye,Mohammad Aziz,Hindi,,,,,,,,,,,,,,,,
Main Shair To Nahin,Shailender Singh,Hindi,,,,,,,,,,,,,,,,
Piya Tose Naina Lage Re,Lata Mangeshkar,Hindi,,,,,,,,,,,,,,,,
Jo Wada Kiya Woh Nibhana Padega (Sad),Lata Mangeshkar|Mohammed Rafi,Hindi,,,,,,,,,,,,,,,,
Mera Jeevan Kora Kagaz,Kishore Kumar,Hindi,,,,,,,,,,,,,,,,
O Meri Soni Meri Tamanna,Asha Bhosle|Kishore Kumar,Hindi,,,,,,,,,,,,,,,,
So Gaya Yeh Jahan,Nitin Mukesh|Shabbir Kumar|Alka Yagnik,Hindi,,,,,,,,,,,,,,,,
Mujhe Teri Mohabbat Ka Sahara,Lata Mangeshkar|Mohammed Rafi,Hindi,,,,,,,,,,,,,,,,
Phoolon Ka Taron Ka (Part 2),Kishore Kumar,Hindi,,,,,,,,,,,,,,,,
Lakdi Ki Kathi,Gauri Bapat|Gurpreet Kaur|Vanita Mishra,Hindi,,,,,,,,,,,,,,,,
Mere Naina Sawan Bhadon,Kishore Kumar,Hindi,,,,,,,,,,,,,,,,
Diwana Leke Aaya Hai,Kishore Kumar,Hindi,,,,,,,,,,,,,,,,
Yaar Ki Khabar Mil Gai,Asha Bhosle|Kishore Kumar,Hindi,,,,,,,,,,,,,,,,
Tere Liye Palkon Ki Jhalar,Lata Mangeshkar,Hindi,,,,,,,,,,,,,,,,
Ho Gayi Hai Mohabbat,Aslam,Hindi,,,,,,,,,,,,,,,,
Zindagi Pyar Ka Geet Hai - Kishore Kumar,Kishore Kumar,Hindi,,,,,,,,,,,,,,,,
Solah Baras Ki Bali Umar,Lata Mangeshkar|Anup Jalota,Hindi,,,,,,,,,,,,,,,,
Sawan Ka Mahina,Lata Mangeshkar|Mukesh,Hindi,,,,,,,,,,,,,,,,
Tu Is Tarah Se Mere Zindagi Main,Mohammed Rafi,Hindi,,,,,,,,,,,,,,,,
Tujh Sang Preet,Kishore Kumar|Lata Mangeshkar,Hindi,,,,,,,,,,,,,,,,
Humko Tumse Ho Gaya Hai Pyar,Kishore Kumar|Lata Mangeshkar|Mohammed Rafi|Mukesh,Hindi,,,,,,,,,,,,,,,,
Jab Chhaye Mera Jadoo,Asha Bhosle,Hindi,,,,,,,,,,,,,,,,
Dikhai Diye Yun,Lata Mangeshkar,Hindi,,,,,,,,,,,,,,,,
Yeh Dil Na Hota Bechara,Kishore Kumar,Hindi,,,,,,,,,,,,,,,,
Ya Ali,Zubeen Garg,Hindi,,,,,,,,,,,,,,,,
Aaye Tum Yaad Mujhe,Kishore Kumar,Hindi,,,,,,,,,,,,,,,,
Tum Saath Ho Jab Apne,Asha Bhosle|Kishore Kumar,Hindi,,,,,,,,,,,,,,,,
Silli Hawa Chhoo Gai,Lata Mangeshkar,Hindi,,,,,,,,,,,,,,,,
Rang Barse Bheege Chunarwali,Amitabh Bachchan,Hindi,,,,,,,,,,,,,,,,
Uthe Sabke Kadam Dekho Ram Pam Pam,Amit Kumar|Lata Mangeshkar|Pearl Padamse,Hindi,,,,,,,,,,,,,,,,
Manzilen Apni Jagah Hai,Kishore Kumar,Hindi,,,,,,,,,,,,,,,,
Main Solah Baras Ki,Kishore Kumar|Lata Mangeshkar,Hindi,,,,,,,,,,,,,,,,
Dum Maro Dum,Asha Bhosle,Hindi,,,,,,,,,,,,,,,,
Suniye Kahiye Kahiye,Asha Bhosle|Kishore Kumar,Hindi,,,,,,,,,,,,,,,,
Kya Ghazab Karte Ho Ji,Asha Bhosle,Hindi,,,,,,,,,,,,,,,,
Rang Barse Bheege Chunarwali,Amitabh Bachchan,Hindi,,,,,,,,,,,,,,,,
Jis Gali Mein Tera Ghar,Mukesh,Hindi,,,,,,,,,,,,,,,,
My Name Is Lakhan,Mohammad Aziz|Anuradha Paudwal,Hindi,,,,,,,,,,,,,,,,
Main Zindagi Ka Saath Nibhata Chala Gaya,Mohammed Rafi,Hindi,,,,,,,,,,,,,,,,
Mausam Hai Ashiqana,Lata Mangeshkar,Hindi,,,,,,,,,,,,,,,,
Rangeela Re,Lata Mangeshkar,Hindi,,,,,,,,,,,,,,,,
Tum Agar Saath Dene Ka Vada Karo,Mahendra Kapoor,Hindi,,,,,,,,,,,,,,,,
Na Jane Kyon Hota Hai,Lata Mangeshkar,Hindi,,,,,,,,,,,,,,,,
Kabhi Kabhi Mere Dil Mein (Solo),Mukesh,Hindi,,,,,,,,,,,,,,,,
Na Jane Kya Hua,Lata Mangeshkar,Hindi,,,,,,,,,,,,,,,,
Neela Aasman So Gaya (Female),Lata Mangeshkar,Hindi,,,,,,,,,,,,,,,,
Ye Ladki Zarasi Diwani Lagti Hai,Amit Kumar|Asha Bhosle,Hindi,,,,,,,,,,,,,,,,
Piya Bina Piya Bina,Lata Mangeshkar,Hindi,,,,,,,,,,,,,,,,
Aaya Mausam Dosti Ka,Lata Mangeshkar|Usha Mangeshkar|S. P. Balasubrahmanyam|Shailender Singh,Hindi,,,,,,,,,,,,,,,,
Kitna Pyara Wada Hai,Lata Mangeshkar|Mohammed Rafi,Hindi,,,,,,,,,,,,,,,,
Dushman Na Kare Dost Ne Wo Kaam Kiya Hai,Lata Mangeshkar|Amit Kumar,Hindi,,,,,,,,,,,,,,,,
Intaha Ho Gai Intezar Ki,Asha Bhosle|Kishore Kumar,Hindi,,,,,,,,,,,,,,,,
Mere Pyar Ki Umar Ho Itnee Sanam,Manmohan Singh|Lata Mangeshkar,Hindi,,,,,,,,,,,,,,,,
Gali Gali Mein,Manhar Udhas|Alka Yagnik,Hindi,,,,,,,,,,,,,,,,
Jane Kahan Gaye Woh Din,Mukesh,Hindi,,,,,,,,,,,,,,,,
Tune Bechain Itna Ziada Kiya,Mohammad Aziz|Anuradha Paudwal,Hindi,,,,,,,,,,,,,,,,
Tere Mere Beech Mein,Lata Mangeshkar|S. P. Balasubrahmanyam,Hindi,,,,,,,,,,,,,,,,
Zindagi Ke Safar Mein,Kishore Kumar,Hindi,,,,,,,,,,,,,,,,
Chitthi Aai Hai,Pankaj Udhas,Hindi,,,,,,,,,,,,,,,,
Khali Hath Sham Aai Hai,Asha Bhosle,Hindi,,,,,,,,,,,,,,,,
O Majhi Re Apna Kinara,Kishore Kumar,Hindi,,,,,,,,,,,,,,,,
Zindagi Ek Safar Hai Suhana (Male),Kishore Kumar,Hindi,,,,,,,,,,,,,,,,
Pyar Hamara Amar Rahega,Asha Bhosle|Mohammad Aziz,Hindi,,,,,,,,,,,,,,,,
Tere Mere Honthon Pe,Babla Mehta|Lata Mangeshkar,Hindi,,,,,,,,,,,,,,,,
Yaad Aa Raha Hai,Bappi Lahiri,Hindi,,,,,,,,,,,,,,,,
Jahan Mil Jayen Chaar Yaar,Amitabh Bachchan|Kishore Kumar,Hindi,,,,,,,,,,,,,,,,
Chandni O Meri Chandni,Sridevi|Jolly Mukherjee,Hindi,,,,,,,,,,,,,,,,
Ankhon Mein Kajal Hai,Kishore Kumar|Lata Mangeshkar,Hindi,,,,,,,,,,,,,,,,
Jiska Mujhe Tha Intezar,Kishore Kumar|Lata Mangeshkar,Hindi,,,,,,,,,,,,,,,,
Dil Ke Jharokhe Mein,Mohammed Rafi,Hindi,,,,,,,,,,,,,,,,
Badi Sooni Sooni Hai Zindagi,Kishore Kumar,Hindi,,,,,,,,,,,,,,,,
Phool Tumhe Bheja Hai Khat Mein,Lata Mangeshkar|Mukesh,Hindi,,,,,,,,,,,,,,,,
Hum Bewafa Hargiz Na Thay (Happy),Kishore Kumar,Hindi,,,,,,,,,,,,,,,,
Apni To Jaise Taise - Dialogue,Kishore Kumar,Hindi,,,,,,,,,,,,,,,,
Dum Dum Diga Diga,Mukesh,Hindi,,,,,,,,,,,,,,,,
Khamosh Sa Afsana,Lata Mangeshkar|Suresh Wadkar,Hindi,,,,,,,,,,,,,,,,
Sajan Sajan Teri Dulhan,Alka Yagnik,Hindi,,,,,,,,,,,,,,,,
Awaara Bhanwara,Hema Sardesai|Malaysia Vasudevan,Hindi,,,,,,,,,,,,,,,,
Kate Nahin Kat Te,Kishore Kumar|Alisha Chinai,Hindi,,,,,,,,,,,,,,,,
Jab Deep Jale Aana,Hemlata|K J Yesudas,Hindi,,,,,,,,,,,,,,,,
Samne Ye Kaun Aya,Kishore Kumar,Hindi,,,,,,,,,,,,,,,,
Tum Jo Mil Gaye Ho,Mohammed Rafi|Lata Mangeshkar,Hindi,,,,,,,,,,,,,,,,
Zooby Zooby,Alisha Chinai,Hindi,,,,,,,,,,,,,,,,
Piya Tu Ab To Aaja,Asha Bhosle|R. D. Burman,Hindi,,,,,,,,,,,,,,,,
Mohabbat Hai Kya Cheez,Lata Mangeshkar|Suresh Wadkar,Hindi,,,,,,,,,,,,,,,,
Tirchi Topiwale (Part-1),Amit Kumar|Sapna Mukherjee,Hindi,,,,,,,,,,,,,,,,
Ae Nargise Mastana,Mohammed Rafi,Hindi,,,,,,,,,,,,,,,,
Yeh Naina Yeh Kaajal,Kishore Kumar,Hindi,,,,,,,,,,,,,,,,
Ye Bata De,Chitra Singh|Jagjit Singh,Hindi,,,,,,,,,,,,,,,,
Khullam Khulla Pyar Karenge,Asha Bhosle|Kishore Kumar,Hindi,,,,,,,,,,,,,,,,
Teri Yaad Aa Rahi Hai,Amit Kumar,Hindi,,,,,,,,,,,,,,,,
Jab Hum Jawan Honge,Lata Mangeshkar|Shabbir Kumar,Hindi,,,,,,,,,,,,,,,,
Roj Roj Aankhon Tale,Amit Kumar|Asha Bhosle|R. D. Burman,Hindi,,,,,,,,,,,,,,,,
Tumhari Nazron Mein Humne Dekha,Asha Bhosle|Kumar Sanu,Hindi,,,,,,,,,,,,,,,,
Justuju Jiski Thi,Asha Bhosle,Hindi,,,,,,,,,,,,,,,,
Chhodo Sanam,Kishore Kumar|Annette Pinto,Hindi,,,,,,,,,,,,,,,,
Tera Saath Hai Kitna Pyara,Kishore Kumar|Sapna Awasthi,Hindi,,,,,,,,,,,,,,,,
Ankhiyon Ke Jharokhon Se (Part 3),Hemlata,Hindi,,,,,,,,,,,,,,,,
Jimmy Jimmy Jimmy Aaja,Parvati Khan,Hindi,,,,,,,,,,,,,,,,
Induvadana,S. P. Balasubrahmanyam|S. Janaki,Telugu,,,,,,,,,,,,,,,,
Manchu Kurise,S. P. Balasubrahmanyam|S. Janaki,Telugu,,,,,,,,,,,,,,,,
Yureka,S. P. Balasubrahmanyam|S. Janaki,Telugu,,,,,,,,,,,,,,,,
Keeravani,S. P. Balasubrahmanyam|S. Janaki,Telugu,,,,,,,,,,,,,,,,
Are Emaindhi,S. P. Balasubrahmanyam|S. Janaki,Telugu,,,,,,,,,,,,,,,,
Tella Cheeraku,S. P. Balasubrahmanyam|Lata Mangeshkar,Telugu,,,,,,,,,,,,,,,,
Guvva Gorinka Tho,S. P. Balasubrahmanyam|S. Janaki,Telugu,,,,,,,,,,,,,,,,
Kashmiri Loyalo,S. P. Balasubrahmanyam|S. Janaki,Telugu,,,,,,,,,,,,,,,,
Karigipoyanu,S. P. Balasubrahmanyam|P. Susheela,Telugu,,,,,,,,,,,,,,,,
Prema Entha,S. P. Balasubrahmanyam,Telugu,,,,,,,,,,,,,,,,
Banti Chamanti,S. P. Balasubrahmanyam|S. Janaki,Telugu,,,,,,,,,,,,,,,,
O Priya,K. S. Chithra|S. P. Balasubrahmanyam,Telugu,,,,,,,,,,,,,,,,
Suvvi Suvvi,S. P. Balasubrahmanyam|S. Janaki,Telugu,,,,,,,,,,,,,,,,
Premaledani,S. P. Balasubrahmanyam,Telugu,,,,,,,,,,,,,,,,
O Papa Lali,S. P. Balasubrahmanyam,Telugu,,,,,,,,,,,,,,,,
Ade Neevu,S. P. Balasubrahmanyam,Telugu,,,,,,,,,,,,,,,,
Sande Poddula,S. P. Balasubrahmanyam|S. Janaki,Telugu,,,,,,,,,,,,,,,,
Malli Malli,S. P. Balasubrahmanyam|S. Janaki,Telugu,,,,,,,,,,,,,,,,
Kokila,S. P. Balasubrahmanyam|K. S. Chithra,Telugu,,,,,,,,,,,,,,,,
Aamani,S. P. Balasubrahmanyam,Telugu,,,,,,,,,,,,,,,,
Paara Hushar,S. P. Balasubrahmanyam|S. Janaki,Telugu,,,,,,,,,,,,,,,,
Eduta Neeve,S. P. Balasubrahmanyam,Telugu,,,,,,,,,,,,,,,,
Theeganai Mallenai,S. P. Balasubrahmanyam|S. Janaki,Telugu,,,,,,,,,,,,,,,,
Nammaku Nammaku,S P Balasubrahamanyam,Telugu,,,,,,,,,,,,,,,,
Vatapatra (Happy),P. Susheela,Telugu,,,,,,,,,,,,,,,,
Jivvumani Kondagali,Mano|S. Janaki,Telugu,,,,,,,,,,,,,,,,
Eenade Edo,S. P. Balasubrahmanyam|K. S. Chithra,Telugu,,,,,,,,,,,,,,,,
Andam Hindolam,S. P. Balasubrahmanyam|P. Susheela,Telugu,,,,,,,,,,,,,,,,
Om Namaha,S. P. Balasubrahmanyam|S. Janaki,Telugu,,,,,,,,,,,,,,,,
Ee Gaali Ee Vela,S. P. Balasubrahmanyam|P. Susheela,Telugu,,,,,,,,,,,,,,,,
Acha Acha,S. P. Balasubrahmanyam|S. Janaki,Telugu,,,,,,,,,,,,,,,,
Swathi Muthyapu,S. P. Balasubrahmanyam|S. Janaki,Telugu,,,,,,,,,,,,,,,,
Merupula La La,S. P. Balasubrahmanyam,Telugu,,,,,,,,,,,,,,,,
Thakita Thadhimi,S. P. Balasubrahmanyam,Telugu,,,,,,,,,,,,,,,,
Vanajallu Gillutunte,S. P. Balasubrahmanyam|S. Janaki,Telugu,,,,,,,,,,,,,,,,
Nannu Dochu Kunduvatey,Ghanatasala|P. Susheela,Telugu,,,,,,,,,,,,,,,,
Kottandi Thittandi,S. P. Balasubrahmanyam|K. S. Chithra,Telugu,,,,,,,,,,,,,,,,
Kurise Verijallule,S. P. Balasubrahmanyam|Vani Jairam,Telugu,,,,,,,,,,,,,,,,
Aadhi Bikshuvu,S. P. Balasubrahmanyam,Telugu,,,,,,,,,,,,,,,,
Jallantha,K. S. Chithra,Telugu,,,,,,,,,,,,,,,,
Prema Lekha,S. P. Balasubrahmanyam|S. Janaki,Telugu,,,,,,,,,,,,,,,,
Taralirada,S P Balasubrahamanyam,Telugu,,,,,,,,,,,,,,,,
Priyathama,S. P. Balasubrahmanyam|K. S. Chithra,Telugu,,,,,,,,,,,,,,,,
Padaharella Vayasu,S. P. Balasubrahmanyam|S. Janaki,Telugu,,,,,,,,,,,,,,,,
O Rani,S. P. Balasubrahmanyam,Telugu,,,,,,,,,,,,,,,,
Nee Guduchedirindi,S. P. Balasubrahmanyam,Telugu,,,,,,,,,,,,,,,,
Siggoo Poobanthi,S. P. Balasubrahmanyam|S. Janaki|S. P. Sailaja,Telugu,,,,,,,,,,,,,,,,
Mounamela Noyee,S. P. Balasubrahmanyam|S. Janaki,Telugu,,,,,,,,,,,,,,,,
Ninnukori,K. S. Chithra,Telugu,,,,,,,,,,,,,,,,
Sayamkalam,S. P. Balasubrahmanyam|S. Janaki,Telugu,,,,,,,,,,,,,,,,
Swathi Chinuku,S. P. Balasubrahmanyam|S. Janaki,Telugu,,,,,,,,,,,,,,,,
Kottaga,S. P. Balasubrahmanyam|S. Janaki,Telugu,,,,,,,,,,,,,,,,
Ghallu Ghallu,S. P. Balasubrahmanyam|P. Susheela,Telugu,,,,,,,,,,,,,,,,
Neeve Amaraswarame,S. P. Balasubrahmanyam|K. S. Chithra,Telugu,,,,,,,,,,,,,,,,
Chali Gali Kottindamma,S. P. Balasubrahmanyam|S. Janaki,Telugu,,,,,,,,,,,,,,,,
Chukkalle Thochave,K J Yesudas,Telugu,,,,,,,,,,,,,,,,
Naa Hrudayamlo Nidurinche Cheli,Ghanatasala,Telugu,,,,,,,,,,,,,,,,
Aakasamlo,S. Janaki,Telugu,,,,,,,,,,,,,,,,
Ragala Pallakilo,P. Susheela|S. P. Balasubrahmanyam,Telugu,,,,,,,,,,,,,,,,
Theta Theta Telugula,Ghanatasala,Telugu,,,,,,,,,,,,,,,,
Aaresukopoyi,P. Susheela|S. P. Balasubrahmanyam,Telugu,,,,,,,,,,,,,,,,
Moogaina Hridayama,S. P. Balasubrahmanyam|S. Janaki,Telugu,,,,,,,,,,,,,,,,
Mudhabanthi Poolupetti,Ghanatasala|P. Susheela,Telugu,,,,,,,,,,,,,,,,
Vidhatha Talapuna,S. P. Balasubrahmanyam|P. Susheela,Telugu,,,,,,,,,,,,,,,,
Telisindile Telisindile,Ghanatasala|P. Susheela,Telugu,,,,,,,,,,,,,,,,
Botany,S. P. Balasubrahmanyam|S. P. Sailaja,Telugu,,,,,,,,,,,,,,,,
Patti Thechanule,S. Janaki|S. P. Balasubrahmanyam,Telugu,,,,,,,,,,,,,,,,
Golimaar,S. P. Balasubrahmanyam|S. Janaki,Telugu,,,,,,,,,,,,,,,,
Nagonthu Sruthilona,S. P. Balasubrahmanyam|K. S. Chithra,Telugu,,,,,,,,,,,,,,,,
Lalitha Priya,K. S. Chithra|K J Yesudas,Telugu,,,,,,,,,,,,,,,,
Shiva Poojaku,S. P. Balasubrahmanyam|P. Susheela,Telugu,,,,,,,,,,,,,,,,
Nadha Vinodhamu,S. P. Balasubrahmanyam|S. P. Sailaja,Telugu,,,,,,,,,,,,,,,,
Chukkalanti (Happy),S. P. Balasubrahmanyam|S. Janaki,Telugu,,,,,,,,,,,,,,,,
Jagada Jagada,S. P. Balasubrahmanyam,Telugu,,,,,,,,,,,,,,,,
Neekosam Velisindi,Ghanatasala|P. Susheela,Telugu,,,,,,,,,,,,,,,,
Ninnu Telichi,S. P. Balasubrahmanyam,Telugu,,,,,,,,,,,,,,,,
Gopilola,S. P. Balasubrahmanyam|S. P. Sailaja,Telugu,,,,,,,,,,,,,,,,
Oorevitamma,S. P. Balasubrahmanyam|Chorus|P. Susheela,Telugu,,,,,,,,,,,,,,,,
Emauthundhi,S. P. Balasubrahmanyam|S. Janaki,Telugu,,,,,,,,,,,,,,,,
Rangulalo,S. P. Balasubrahmanyam|S. Janaki,Telugu,,,,,,,,,,,,,,,,
Happy Birthday,Maya|Chorus,Telugu,,,,,,,,,,,,,,,,
Nallanchu Tella Cheera,S. P. Balasubrahmanyam|P. Susheela,Telugu,,,,,,,,,,,,,,,,
Chukkalanti (Sad),S. Janaki,Telugu,,,,,,,,,,,,,,,,
Baalayya Baalayya,S. P. Balasubrahmanyam|S. Janaki,Telugu,,,,,,,,,,,,,,,,
Priyathama,S. P. Balasubrahmanyam|K. S. Chithra,Telugu,,,,,,,,,,,,,,,,
Chalti Ka Naam,S. P. Balasubrahmanyam|K. S. Chithra,Telugu,,,,,,,,,,,,,,,,
Mallelu Kurisina Challani,Ghanatasala|S. Janaki,Telugu,,,,,,,,,,,,,,,,
Nenu Prema Pujari,S. P. Balasubrahmanyam|P. Susheela,Telugu,,,,,,,,,,,,,,,,
Enniyalo,S. P. Balasubrahmanyam|K. S. Chithra,Telugu,,,,,,,,,,,,,,,,
Ve Vela Varnala,S. P. Balasubrahmanyam,Telugu,,,,,,,,,,,,,,,,
Chuttu Pakkala,S P Balasubrahamanyam,Telugu,,,,,,,,,,,,,,,,
Aa Adhi Gunta,S. P. Balasubrahmanyam|K. S. Chithra,Telugu,,,,,,,,,,,,,,,,
Elluvochchi,S. P. Balasubrahmanyam|P. Susheela,Telugu,,,,,,,,,,,,,,,,
Jilibili Palukula,S. P. Balasubrahmanyam|S. Janaki,Telugu,,,,,,,,,,,,,,,,
Kokilamma Pelliki,S. P. Balasubrahmanyam|P. Susheela,Telugu,,,,,,,,,,,,,,,,
Chinnari,S. P. Balasubrahmanyam|S. Janaki,Telugu,,,,,,,,,,,,,,,,
Nenoka Sindhu,P. Susheela,Telugu,,,,,,,,,,,,,,,,
Kailove Chedugudu,Naveen|S.P.Charan|S. P. Balasubrahmanyam,Telugu,,,,,,,,,,,,,,,,
Aakanulal,S. P. Balasubrahmanyam|S. Janaki,Telugu,,,,,,,,,,,,,,,,
Ennenno Janmala Bandham,Vani Jairam|S. P. Balasubrahmanyam,Telugu,,,,,,,,,,,,,,,,
Naa Meedha,S. Janaki,Telugu,,,,,,,,,,,,,,,,
Porapatidhi,S. P. Balasubrahmanyam|S. Janaki|Rajendra Prasad,Telugu,,,,,,,,,,,,,,,,
Manasu Palike,S. P. Balasubrahmanyam|S. Janaki,Telugu,,,,,,,,,,,,,,,,
Nandikonda,S. P. Balasubrahmanyam|K. S. Chithra,Telugu,,,,,,,,,,,,,,,,
Omkara Panjara Sukeem,P.B. Sreenivas|Madhavapeddi Satyam,Telugu,,,,,,,,,,,,,,,,
Edalo Laya,S. Janaki,Telugu,,,,,,,,,,,,,,,,
Bhale Bhale Mogaadivoy,L.R. Eswari|S. P. Balasubrahmanyam,Telugu,,,,,,,,,,,,,,,,
Aaskasam Eenatido,S. Janaki,Telugu,,,,,,,,,,,,,,,,
Yeduru Choosina,S. P. Balasubrahmanyam|Chorus|P. Susheela,Telugu,,,,,,,,,,,,,,,,
Flute Music - Hariprasad Chaurasia,Pandit Hariprasad Chaurasia,Telugu,,,,,,,,,,,,,,,,
Oka Brundavanam,Vani Jairam,Telugu,,,,,,,,,,,,,,,,
Mavayya Anna Pilupu,S. P. Balasubrahmanyam|P. Susheela|S. P. Sailaja,Telugu,,,,,,,,,,,,,,,,
Idi Tholi Rathri,S. P. Balasubrahmanyam,Telugu,,,,,,,,,,,,,,,,
Eevela Naalo,Ghanatasala|P Suhseela,Telugu,,,,,,,,,,,,,,,,
Chakkani Chukkala,S. P. Balasubrahmanyam|S. Janaki,Telugu,,,,,,,,,,,,,,,,
Idedo Golaga,S. P. Balasubrahmanyam|S. Janaki,Telugu,,,,,,,,,,,,,,,,
Nee Meeda,S. P. Balasubrahmanyam|S. Janaki,Telugu,,,,,,,,,,,,,,,,
Jigi Jigi,S. P. Balasubrahmanyam|K. S. Chithra,Telugu,,,,,,,,,,,,,,,,
Manishiko Sneham,S. P. Balasubrahmanyam|S. Janaki,Telugu,,,,,,,,,,,,,,,,
Abba Dheeni,S. P. Balasubrahmanyam|K. S. Chithra,Telugu,,,,,,,,,,,,,,,,
Mella Mella Mellaga,Ghanatasala|P. Susheela,Telugu,,,,,,,,,,,,,,,,
Alli Billi,S. P. Balasubrahmanyam|K. S. Chithra,Telugu,,,,,,,,,,,,,,,,
Angaanga Veeraangame,S. P. Balasubrahmanyam|P. Susheela,Telugu,,,,,,,,,,,,,,,,
Hawa Hawai Choopokati,S. P. Balasubrahmanyam|S. Janaki,Telugu,,,,,,,,,,,,,,,,
Vatapatra (Sad),P. Susheela,Telugu,,,,,,,,,,,,,,,,
Abba Rupamentha,S. P. Balasubrahmanyam|K. S. Chithra,Telugu,,,,,,,,,,,,,,,,
Chinuku Chinuku,S. P. Balasubrahmanyam,Telugu,,,,,,,,,,,,,,,,
Ayyayo Brahmayya,Ghanatasala,Telugu,,,,,,,,,,,,,,,,
Yentha Yadigipoyavayya,S. P. Balasubrahmanyam,Telugu,,,,,,,,,,,,,,,,
Yemani Cheli,S. P. Balasubrahmanyam|S. Janaki,Telugu,,,,,,,,,,,,,,,,
Cheppalani,S P Balasubrahamanyam,Telugu,,,,,,,,,,,,,,,,
Devude Ichchadu,K J Yesudas,Telugu,,,,,,,,,,,,,,,,
Shanthi Om Shanthi Are Khaidi,S. P. Balasubrahmanyam|S. Janaki,Telugu,,,,,,,,,,,,,,,,
Aa Navvula Kosam,Ghanatasala|P. Susheela,Telugu,,,,,,,,,,,,,,,,
Maate Manthram,S. P. Balasubrahmanyam|S. Janaki,Telugu,,,,,,,,,,,,,,,,
Merise Tharalone,S. P. Balasubrahmanyam,Telugu,,,,,,,,,,,,,,,,
Chakravarthiki Veedi,S. P. Balasubrahmanyam,Telugu,,,,,,,,,,,,,,,,
Repanti Roopamkanti,Ghanatasala|P. Susheela,Telugu,,,,,,,,,,,,,,,,
Ye Navade Teramo,K J Yesudas,Telugu,,,,,,,,,,,,,,,,
Ni Charanam Kamalam,S. P. Balasubrahmanyam|S. Janaki,Telugu,,,,,,,,,,,,,,,,
Raja Rajadhi,S. P. Balasubrahmanyam,Telugu,,,,,,,,,,,,,,,,
Raja Cheyyaveste,S. P. Balasubrahmanyam,Telugu,,,,,,,,,,,,,,,,
Sande Poddu Megham,S. P. Balasubrahmanyam|P. Susheela,Telugu,,,,,,,,,,,,,,,,
Abbanee Pattentha,S. P. Balasubrahmanyam|K. S. Chithra,Telugu,,,,,,,,,,,,,,,,
Chakravarthi,S. P. Balasubrahmanyam|S.P.Sailaja,Telugu,,,,,,,,,,,,,,,,
Ninu Veedani Needanu Nene,P. Susheela,Telugu,,,,,,,,,,,,,,,,
Anando,S. P. Balasubrahmanyam|K. S. Chithra,Telugu,,,,,,,,,,,,,,,,
Ekantha Vela,S. P. Balasubrahmanyam|S. Janaki,Telugu,,,,,,,,,,,,,,,,
Mabbullo Yemundhi,Ghanatasala|P. Susheela,Telugu,,,,,,,,,,,,,,,,
Komma Kommako,S. P. Balasubrahmanyam|P. Susheela,Telugu,,,,,,,,,,,,,,,,
Ide Ide Jeevitham,S. P. Balasubrahmanyam,Telugu,,,,,,,,,,,,,,,,
Hey Naughty,S. P. Balasubrahmanyam|S. Janaki,Telugu,,,,,,,,,,,,,,,,
Padhi Mandhilo Paata Paadinaa,Ghanatasala,Telugu,,,,,,,,,,,,,,,,
Kanne Pillavani,S. Janaki|S. P. Balasubrahmanyam,Telugu,,,,,,,,,,,,,,,,
Ivvu Ivvu,S. P. Balasubrahmanyam|K. S. Chithra,Telugu,,,,,,,,,,,,,,,,
Ye Theega Poovuno,S. P. Balasubrahmanyam,Telugu,,,,,,,,,,,,,,,,
Oh Bata Saari,S. P. Balasubrahmanyam,Telugu,,,,,,,,,,,,,,,,
Vedam Anuvanuvuna,S. P. Balasubrahmanyam|S. P. Sailaja,Telugu,,,,,,,,,,,,,,,,
Kinnerasani Vachindamma,S. P. Balasubrahmanyam|S. P. Sailaja,Telugu,,,,,,,,,,,,,,,,
Kadaveththu Kochchindhi,Ghanatasala|P. Susheela,Telugu,,,,,,,,,,,,,,,,
Sindhura Puvva,S. P. Balasubrahmanyam|K. S. Chithra,Telugu,,,,,,,,,,,,,,,,
Vayaso Namaha,S. P. Balasubrahmanyam|S. Janaki,Telugu,,,,,,,,,,,,,,,,
Pachchadanamey,Hariharan|Clinton Cerejo,Telugu,,,,,,,,,,,,,,,,
Kotaloni Monagada,Ghanatasala|P. Susheela,Telugu,,,,,,,,,,,,,,,,
Lali Jo Lali Jo,S. P. Balasubrahmanyam,Telugu,,,,,,,,,,,,,,,,
Janma Metthithira,Ghanatasala,Telugu,,,,,,,,,,,,,,,,
Nene Nene Hero,S. P. Balasubrahmanyam,Telugu,,,,,,,,,,,,,,,,
Ve Vela Gopemmala,S. P. Balasubrahmanyam|S. P. Sailaja,Telugu,,,,,,,,,,,,,,,,
Aa Devudela Vuntaadani,Ghanatasala|P. Susheela,Telugu,,,,,,,,,,,,,,,,
Polimeradhatipothunna,S. P. Balasubrahmanyam|B. Vasantha,Telugu,,,,,,,,,,,,,,,,
Maanava Seva,K J Yesudas,Telugu,,,,,,,,,,,,,,,,
Sandya Ragapu,S. P. Balasubrahmanyam|S. Janaki,Telugu,,,,,,,,,,,,,,,,
Ee Chempaku Selaveeyaku,S. P. Balasubrahmanyam|P. Susheela,Telugu,,,,,,,,,,,,,,,,
O Chaminthi Emite,Ghanatasala|P Suhseela,Telugu,,,,,,,,,,,,,,,,
Jai Sri Shirdi,V.Rama Krishna,Telugu,,,,,,,,,,,,,,,,
Pade Pade Kannulive,Ghanatasala|P. Susheela,Telugu,,,,,,,,,,,,,,,,
Dharmam,S. P. Balasubrahmanyam|S. P. Sailaja,Telugu,,,,,,,,,,,,,,,,
Kaliki Chilaka,S. P. Balasubrahmanyam|S. Janaki,Telugu,,,,,,,,,,,,,,,,
Giliga Gili,S. P. Balasubrahmanyam|S. Janaki,Telugu,,,,,,,,,,,,,,,,
Atu Amalapuram,S. Janaki,Telugu,,,,,,,,,,,,,,,,
Prema Yatralaku,Ghanatasala|P. Susheela,Telugu,,,,,,,,,,,,,,,,
Ee Mounam Ee Bidiyam,Ghanatasala|P Suhseela,Telugu,,,,,,,,,,,,,,,,
Godave Godavamma,S. P. Balasubrahmanyam|K. S. Chithra,Telugu,,,,,,,,,,,,,,,,
Rananukunnaremo,Ghanatasala|P. Susheela,Telugu,,,,,,,,,,,,,,,,
Thakita Thadhimi,S. P. Balasubrahmanyam,Telugu,,,,,,,,,,,,,,,,
Cheppalani Vundhi,Ghanatasala|P. Susheela,Telugu,,,,,,,,,,,,,,,,
Om Shanthi Om,S. P. Balasubrahmanyam,Telugu,,,,,,,,,,,,,,,,
Oh Bangaru Rangulachilaka,P. Susheela|S. P. Balasubrahmanyam,Telugu,,,,,,,,,,,,,,,,
Adhirindhi Mama,S. P. Balasubrahmanyam|P. Susheela,Telugu,,,,,,,,,,,,,,,,
Om Namah Sivaaya,S. Janaki,Telugu,,,,,,,,,,,,,,,,
Ekku Bandekku Mava,Mano|P. Susheela,Telugu,,,,,,,,,,,,,,,,
Neeli Meghaalalo (Male),Ghanatasala,Telugu,,,,,,,,,,,,,,,,
Idhe Daiva Mahima,Ghanatasala,Telugu,,,,,,,,,,,,,,,,
Sarasalu,Mano|S. Janaki,Telugu,,,,,,,,,,,,,,,,
Andam Sharanam,S. P. Balasubrahmanyam|P. Susheela,Telugu,,,,,,,,,,,,,,,,
Nee Letha Gulabi,Ghanatasala,Telugu,,,,,,,,,,,,,,,,
Manase Vennelaga,Ghanatasala|P. Susheela,Telugu,,,,,,,,,,,,,,,,
Jingu Jingu Cheera,S. P. Balasubrahmanyam|K. S. Chithra,Telugu,,,,,,,,,,,,,,,,
Emo Emo,Ghanatasala|S. Janaki,Telugu,,,,,,,,,,,,,,,,
Saapatu Yetu Ledhu,S. P. Balasubrahmanyam,Telugu,,,,,,,,,,,,,,,,
Chengaavi Rangucheera,Ghanatasala|P. Susheela,Telugu,,,,,,,,,,,,,,,,
Punnami Raathri,S. P. Balasubrahmanyam,Telugu,,,,,,,,,,,,,,,,
Padhaahaarellaku,S. Janaki,Telugu,,,,,,,,,,,,,,,,
Sinne Sinne Korikaladaga,S. Janaki,Telugu,,,,,,,,,,,,,,,,
Pilichina Palukavu,Ghanatasala|P. Susheela,Telugu,,,,,,,,,,,,,,,,
Bava Bava Banthi Puvva,S. P. Balasubrahmanyam|S. Janaki,Telugu,,,,,,,,,,,,,,,,
Nenu Puttanu,Ghanatasala,Telugu,,,,,,,,,,,,,,,,
Aakasamlo Oka Tara,Rajeethram|P. Susheela,Telugu,,,,,,,,,,,,,,,,
Prakruthi Kanthaku,S. P. Balasubrahmanyam,Telugu,,,,,,,,,,,,,,,,
Maamilla Thopukaada,S. P. Balasubrahmanyam|P. Susheela,Telugu,,,,,,,,,,,,,,,,
Vedam Anuvanuvuna,S. P. Balasubrahmanyam|S. P. Sailaja,Telugu,,,,,,,,,,,,,,,,
Ye Theega Poovuno,Kamal Haasan|P. Susheela,Telugu,,,,,,,,,,,,,,,,
Koluvye Unnade,S. P. Balasubrahmanyam|P. Susheela,Telugu,,,,,,,,,,,,,,,,
Vana Megham,K. S. Chithra,Telugu,,,,,,,,,,,,,,,,
Aa Mabbu Theralalona (Happy),Ghanatasala|P. Susheela,Telugu,,,,,,,,,,,,,,,,
Ilalo,S. P. Balasubrahmanyam|S. Janaki,Telugu,,,,,,,,,,,,,,,,
Kanne Pillatoti,S. P. Balasubrahmanyam|S. Janaki,Telugu,,,,,,,,,,,,,,,,
Regutunna Dhoka,S. P. Balasubrahmanyam,Telugu,,,,,,,,,,,,,,,,
Patallo,P. Susheela|N.S. Prakash Rao,Telugu,,,,,,,,,,,,,,,,
Madhuramaina Reyilo,Ghanatasala|P. Susheela,Telugu,,,,,,,,,,,,,,,,
Thalli Dhandaale,S. P. Balasubrahmanyam|K. S. Chithra,Telugu,,,,,,,,,,,,,,,,
Kurraallu,S. P. Balasubrahmanyam,Telugu,,,,,,,,,,,,,,,,
Nannu Bilachithiva,B. Vasantha|Chorus,Telugu,,,,,,,,,,,,,,,,
Cheera Kattindhi,S. P. Balasubrahmanyam|P. Susheela,Telugu,,,,,,,,,,,,,,,,
Oke Mata Oke Pata,S. P. Balasubrahmanyam,Telugu,,,,,,,,,,,,,,,,
Rojalo Letha Roja,Vani Jairam,Telugu,,,,,,,,,,,,,,,,
Krushivunte,S. P. Balasubrahmanyam,Telugu,,,,,,,,,,,,,,,,
Ekkada Ekkada,S. P. Sailaja,Telugu,,,,,,,,,,,,,,,,
Evarikosam Evarikosam,Ghanatasala,Telugu,,,,,,,,,,,,,,,,
Mounamela Noyee,S. P. Balasubrahmanyam|S. Janaki,Telugu,,,,,,,,,,,,,,,,
Nee Andam,S. P. Balasubrahmanyam|K. S. Chithra,Telugu,,,,,,,,,,,,,,,,
Omkara Nadanu,S. P. Balasubrahmanyam|S. Janaki,Telugu,,,,,,,,,,,,,,,,
Pattu Chera,S. P. Balasubrahmanyam|S. P. Sailaja,Telugu,,,,,,,,,,,,,,,,
Jaali Jaali Sande Gaali,S. P. Balasubrahmanyam|S. Janaki,Telugu,,,,,,,,,,,,,,,,
Nenoka Prama Pipaasini,S. P. Balasubrahmanyam,Telugu,,,,,,,,,,,,,,,,
Sarigama,S. P. Balasubrahmanyam|K. S. Chithra,Telugu,,,,,,,,,,,,,,,,
Telusaa Neeku Telusaa,S. P. Balasubrahmanyam|S. Janaki,Telugu,,,,,,,,,,,,,,,,
Nee Kowgililo,S. Janaki|S. P. Balasubrahmanyam,Telugu,,,,,,,,,,,,,,,,
Satyam Shivam Sundaram,S. P. Balasubrahmanyam,Telugu,,,,,,,,,,,,,,,,
Urakalya Godavari,S. P. Balasubrahmanyam|S. Janaki,Telugu,,,,,,,,,,,,,,,,
Ninna Sandhya Velalo,S. P. Balasubrahmanyam|S. P. Sailaja,Telugu,,,,,,,,,,,,,,,,
Mangalam,P. Susheela,Telugu,,,,,,,,,,,,,,,,
Ragam Thanam Pallavi,S. P. Balasubrahmanyam,Telugu,,,,,,,,,,,,,,,,
Bahusha Ninu,S. P. Balasubrahmanyam|P. Susheela,Telugu,,,,,,,,,,,,,,,,
Nee Kokakintha,S. P. Balasubrahmanyam|S. Janaki,Telugu,,,,,,,,,,,,,,,,
Digu Digu Bhama Aa Prema,S. P. Balasubrahmanyam|S. Janaki,Telugu,,,,,,,,,,,,,,,,
Balakankamaya,S. Janaki,Telugu,,,,,,,,,,,,,,,,
Oh Nindu Chandamama,K J Yesudas,Telugu,,,,,,,,,,,,,,,,
Gorinta Poochindhi,P. Susheela,Telugu,,,,,,,,,,,,,,,,
Malle Kanna Thellana,S. P. Balasubrahmanyam|P. Susheela,Telugu,,,,,,,,,,,,,,,,
Manishi Maara Ledhu,Ghanatasala|P Leela,Telugu,,,,,,,,,,,,,,,,
Aho Rama Katha,Ghanatasala,Telugu,,,,,,,,,,,,,,,,
Poomala,K J Yesudas,Telugu,,,,,,,,,,,,,,,,
Righto Atto Ito,S. P. Balasubrahmanyam|S. Janaki,Telugu,,,,,,,,,,,,,,,,
Chilakapaccha Thotalo,S. P. Balasubrahmanyam|K. S. Chithra,Telugu,,,,,,,,,,,,,,,,
Mama Chandamama,S. P. Balasubrahmanyam,Telugu,,,,,,,,,,,,,,,,
Sirimalle Puvvaa,S. Janaki,Telugu,,,,,,,,,,,,,,,,
Kudikannu Kotagaane,S. P. Balasubrahmanyam|P. Susheela,Telugu,,,,,,,,,,,,,,,,
Telugu Jaathi Manadi,Ghanatasala|N.T. Rama Rao,Telugu,,,,,,,,,,,,,,,,
Okey Kulam Okey,S. P. Balasubrahmanyam,Telugu,,,,,,,,,,,,,,,,
Nee Illu Bangaram Gaanu,S. Janaki|S. P. Balasubrahmanyam,Telugu,,,,,,,,,,,,,,,,
Daari Choopina,K J Yesudas,Telugu,,,,,,,,,,,,,,,,
Bujji Pelli Kodukki,S. P. Balasubrahmanyam|S. P. Sailaja,Telugu,,,,,,,,,,,,,,,,
Vela Pala Ledu,S. P. Balasubrahmanyam|S. Janaki,Telugu,,,,,,,,,,,,,,,,
Tinguranga Chakkanamma,S. P. Balasubrahmanyam|S. Janaki,Telugu,,,,,,,,,,,,,,,,
Jaya Jaya,S. Janaki,Telugu,,,,,,,,,,,,,,,,
Kokamma Cheppamma,S. P. Balasubrahmanyam|S. Janaki,Telugu,,,,,,,,,,,,,,,,
Kalalo Pettani Muddulu Pettu,S. P. Balasubrahmanyam|S. Janaki,Telugu,,,,,,,,,,,,,,,,
Gundelo Thaketa,S. P. Balasubrahmanyam|K. S. Chithra,Telugu,,,,,,,,,,,,,,,,
Jayathwadabhra,Ghanatasala,Telugu,,,,,,,,,,,,,,,,
Oho Basthi Dorasani,Ghanatasala|Jikki,Telugu,,,,,,,,,,,,,,,,
Manasu Gathi Inthey,Ghanatasala,Telugu,,,,,,,,,,,,,,,,
Eppudu Eppudu,S. P. Balasubrahmanyam|K. S. Chithra,Telugu,,,,,,,,,,,,,,,,
Padalenu,S. Janaki,Telugu,,,,,,,,,,,,,,,,
Matthu Vadalaraa,Ghanatasala,Telugu,,,,,,,,,,,,,,,,
Guggu Guggu Gudisundi,S. P. Balasubrahmanyam|P. Susheela,Telugu,,,,,,,,,,,,,,,,
Changu Chaaka,S. P. Sailaja,Telugu,,,,,,,,,,,,,,,,
Nenoka Chilakala,S. P. Balasubrahmanyam,Telugu,,,,,,,,,,,,,,,,
Arere Dada Petti,S. P. Balasubrahmanyam|P. Susheela,Telugu,,,,,,,,,,,,,,,,
Ee Jeevana Tharangalalo,Ghanatasala,Telugu,,,,,,,,,,,,,,,,
O Sukumara Ninugani,Ghanatasala|P Leela,Telugu,,,,,,,,,,,,,,,,
Entha Sogasuga,Ghanatasala|P. Susheela,Telugu,,,,,,,,,,,,,,,,
No No Natyamida,S. P. Balasubrahmanyam|P. Susheela,Telugu,,,,,,,,,,,,,,,,
Kanne Pilla Vediki,Mano|S. Janaki,Telugu,,,,,,,,,,,,,,,,
Maa Kanti,P. Susheela,Telugu,,,,,,,,,,,,,,,,
Natarajane,S. P. Sailaja,Telugu,,,,,,,,,,,,,,,,
Virisindhi,Ghanatasala|Jikki,Telugu,,,,,,,,,,,,,,,,
O Deva Kanaleva,Ghanatasala,Telugu,,,,,,,,,,,,,,,,
He Papa,S. P. Balasubrahmanyam|Jojo,Telugu,,,,,,,,,,,,,,,,
Thellavara Neeku,Ghanatasala|P. Susheela,Telugu,,,,,,,,,,,,,,,,
Neethone,K J Yesudas,Telugu,,,,,,,,,,,,,,,,
Minneti Sooreedu,S. P. Balasubrahmanyam|Vani Jairam,Telugu,,,,,,,,,,,,,,,,
Sankara Nada Sareera,S. P. Balasubrahmanyam,Telugu,,,,,,,,,,,,,,,,
Annee Manchi Sakunamule,Ghanatasala|P. Susheela,Telugu,,,,,,,,,,,,,,,,
Naa Janma Bhoomi Yenthaandhamaina,Ghanatasala,Telugu,,,,,,,,,,,,,,,,
Om Shanthi,Hemachandra|Harshika,Telugu,,,,,,,,,,,,,,,,
Maava Manchamekku,S. P. Balasubrahmanyam|K. S. Chithra,Telugu,,,,,,,,,,,,,,,,
Ko Ko Kokila Rave,S. P. Balasubrahmanyam|S. Janaki,Telugu,,,,,,,,,,,,,,,,
Kajaraho,S. P. Balasubrahmanyam|K. S. Chithra,Telugu,,,,,,,,,,,,,,,,
